Number,Name,Type_1,Type_2,HP,Attack,Defense,Speed,Special_Attack,Special_Defense,Generation,Color,Pr_Male,Height,Weight,Catch_Rate,Body_Style,isLegendary
1,Bulbasaur,Grass,Poison,45,49,49,45,65,80,1,Green,0.875,0.71,6.9,45,quadruped,FALSE
2,Ivysaur,Grass,Poison,60,62,63,60,80,75,1,Green,0.875,0.99,13,45,quadruped,FALSE
3,Venusaur,Grass,Poison,80,82,83,80,100,90,1,Green,0.875,2.01,100,45,quadruped,FALSE
4,Charmander,Fire,,39,52,43,65,60,50,1,Red,0.875,0.61,8.5,45,bipedal_tailed,FALSE
5,Charmeleon,Fire,,58,64,58,80,80,65,1,Red,0.875,1.09,19,45,bipedal_tailed,FALSE
6,Charizard,Fire,Flying,78,84,78,100,109,85,1,Red,0.875,1.7,90.5,45,bipedal_tailed,FALSE
7,Squirtle,Water,,44,48,65,43,50,64,1,Blue,0.875,0.51,9,45,bipedal_tailed,FALSE
8,Wartortle,Water,,59,63,80,58,65,80,1,Blue,0.875,0.99,22.5,45,bipedal_tailed,FALSE
9,Blastoise,Water,,79,83,100,78,85,105,1,Blue,0.875,1.6,85.5,45,bipedal_tailed,FALSE
10,Caterpie,Bug,,45,30,35,45,20,20,1,Green,0.5,0.3,2.9,255,insectoid,FALSE
11,Metapod,Bug,,50,20,55,30,25,25,1,Green,0.5,0.71,9.9,120,serpentine_body,FALSE
12,Butterfree,Bug,Flying,60,45,50,70,90,80,1,White,0.5,1.09,32,45,four_wings,FALSE
13,Weedle,Bug,Poison,40,35,30,50,20,20,1,Brown,0.5,0.3,3.2,255,serpentine_body,FALSE
14,Kakuna,Bug,Poison,45,25,50,35,25,25,1,Yellow,0.5,0.61,10,120,serpentine_body,FALSE
15,Beedrill,Bug,Poison,65,90,40,75,45,80,1,Yellow,0.5,0.99,29.5,45,four_wings,FALSE
16,Pidgey,Normal,Flying,40,45,40,56,35,35,1,Brown,0.5,0.3,1.8,255,two_wings,FALSE
17,Pidgeotto,Normal,Flying,63,60,55,71,50,50,1,Brown,0.5,1.09,30,120,two_wings,FALSE
18,Pidgeot,Normal,Flying,83,80,75,101,70,70,1,Brown,0.5,1.5,39.5,45,two_wings,FALSE
19,Rattata,Normal,,30,56,35,72,25,35,1,Purple,0.5,0.3,3.5,255,quadruped,FALSE
20,Raticate,Normal,,55,81,60,97,50,70,1,Brown,0.5,0.71,18.5,127,quadruped,FALSE
21,Spearow,Normal,Flying,40,60,30,70,31,31,1,Brown,0.5,0.3,2,255,two_wings,FALSE
22,Fearow,Normal,Flying,65,90,65,100,61,61,1,Brown,0.5,1.19,38,90,two_wings,FALSE
23,Ekans,Poison,,35,60,44,55,40,54,1,Purple,0.5,2.01,6.9,255,serpentine_body,FALSE
24,Arbok,Poison,,60,85,69,80,65,79,1,Purple,0.5,3.51,65,90,serpentine_body,FALSE
25,Pikachu,Electric,,35,55,40,90,50,50,1,Yellow,0.5,0.41,6,190,quadruped,FALSE
26,Raichu,Electric,,60,90,55,110,90,80,1,Yellow,0.5,0.79,30,75,bipedal_tailed,FALSE
27,Sandshrew,Ground,,50,75,85,40,20,30,1,Yellow,0.5,0.61,12,255,bipedal_tailed,FALSE
28,Sandslash,Ground,,75,100,110,65,45,55,1,Yellow,0.5,0.99,29.5,90,bipedal_tailed,FALSE
29,Nidoran♀,Poison,,55,47,52,41,40,40,1,Blue,0,0.41,7,235,quadruped,FALSE
30,Nidorina,Poison,,70,62,67,56,55,55,1,Blue,0,0.79,20,120,quadruped,FALSE
31,Nidoqueen,Poison,Ground,90,92,87,76,75,85,1,Blue,0,1.3,60,45,bipedal_tailed,FALSE
32,Nidoran♂,Poison,,46,57,40,50,40,40,1,Purple,1,0.51,9,235,quadruped,FALSE
33,Nidorino,Poison,,61,72,57,65,55,55,1,Purple,1,0.89,19.5,120,quadruped,FALSE
34,Nidoking,Poison,Ground,81,102,77,85,85,75,1,Purple,1,1.4,62,45,bipedal_tailed,FALSE
35,Clefairy,Fairy,,70,45,48,35,60,65,1,Pink,0.25,0.61,7.5,150,bipedal_tailed,FALSE
36,Clefable,Fairy,,95,70,73,60,95,90,1,Pink,0.25,1.3,40,25,bipedal_tailed,FALSE
37,Vulpix,Fire,,38,41,40,65,50,65,1,Brown,0.25,0.61,9.9,190,quadruped,FALSE
38,Ninetales,Fire,,73,76,75,100,81,100,1,Yellow,0.25,1.09,19.9,75,quadruped,FALSE
39,Jigglypuff,Normal,Fairy,115,45,20,20,45,25,1,Pink,0.25,0.51,5.5,170,bipedal_tailless,FALSE
40,Wigglytuff,Normal,Fairy,140,70,45,45,85,50,1,Pink,0.25,0.99,12,50,bipedal_tailless,FALSE
41,Zubat,Poison,Flying,40,45,35,55,30,40,1,Purple,0.5,0.79,7.5,255,two_wings,FALSE
42,Golbat,Poison,Flying,75,80,70,90,65,75,1,Purple,0.5,1.6,55,90,two_wings,FALSE
43,Oddish,Grass,Poison,45,50,55,30,75,65,1,Blue,0.5,0.51,5.4,255,head_legs,FALSE
44,Gloom,Grass,Poison,60,65,70,40,85,75,1,Blue,0.5,0.79,8.6,120,bipedal_tailless,FALSE
45,Vileplume,Grass,Poison,75,80,85,50,110,90,1,Red,0.5,1.19,18.6,45,bipedal_tailless,FALSE
46,Paras,Bug,Grass,35,70,55,25,45,55,1,Red,0.5,0.3,5.4,190,insectoid,FALSE
47,Parasect,Bug,Grass,60,95,80,30,60,80,1,Red,0.5,0.99,29.5,75,insectoid,FALSE
48,Venonat,Bug,Poison,60,55,50,45,40,55,1,Purple,0.5,0.99,30,190,bipedal_tailless,FALSE
49,Venomoth,Bug,Poison,70,65,60,90,90,75,1,Purple,0.5,1.5,12.5,75,four_wings,FALSE
50,Diglett,Ground,,10,55,25,95,35,45,1,Brown,0.5,0.2,0.8,255,head_base,FALSE
51,Dugtrio,Ground,,35,80,50,120,50,70,1,Brown,0.5,0.71,33.3,50,multiple_bodies,FALSE
52,Meowth,Normal,,40,45,35,90,40,40,1,Yellow,0.5,0.41,4.2,255,quadruped,FALSE
53,Persian,Normal,,65,70,60,115,65,65,1,Yellow,0.5,0.99,32,90,quadruped,FALSE
54,Psyduck,Water,,50,52,48,55,65,50,1,Yellow,0.5,0.79,19.6,190,bipedal_tailed,FALSE
55,Golduck,Water,,80,82,78,85,95,80,1,Blue,0.5,1.7,76.6,75,bipedal_tailed,FALSE
56,Mankey,Fighting,,40,80,35,70,35,45,1,Brown,0.5,0.51,28,190,bipedal_tailed,FALSE
57,Primeape,Fighting,,65,105,60,95,60,70,1,Brown,0.5,0.99,32,75,bipedal_tailed,FALSE
58,Growlithe,Fire,,55,70,45,60,70,50,1,Brown,0.75,0.71,19,190,quadruped,FALSE
59,Arcanine,Fire,,90,110,80,95,100,80,1,Brown,0.75,1.91,155,75,quadruped,FALSE
60,Poliwag,Water,,40,50,40,90,40,40,1,Blue,0.5,0.61,12.4,255,head_legs,FALSE
61,Poliwhirl,Water,,65,65,65,90,50,50,1,Blue,0.5,0.99,20,120,bipedal_tailless,FALSE
62,Poliwrath,Water,Fighting,90,95,95,70,70,90,1,Blue,0.5,1.3,54,45,bipedal_tailless,FALSE
63,Abra,Psychic,,25,20,15,90,105,55,1,Brown,0.75,0.89,19.5,200,bipedal_tailed,FALSE
64,Kadabra,Psychic,,40,35,30,105,120,70,1,Brown,0.75,1.3,56.5,100,bipedal_tailed,FALSE
65,Alakazam,Psychic,,55,50,45,120,135,95,1,Brown,0.75,1.5,48,50,bipedal_tailless,FALSE
66,Machop,Fighting,,70,80,50,35,35,35,1,Grey,0.75,0.79,19.5,180,bipedal_tailed,FALSE
67,Machoke,Fighting,,80,100,70,45,50,60,1,Grey,0.75,1.5,70.5,90,bipedal_tailless,FALSE
68,Machamp,Fighting,,90,130,80,55,65,85,1,Grey,0.75,1.6,130,45,bipedal_tailless,FALSE
69,Bellsprout,Grass,Poison,50,75,35,40,70,30,1,Green,0.5,0.71,4,255,bipedal_tailless,FALSE
70,Weepinbell,Grass,Poison,65,90,50,55,85,45,1,Green,0.5,0.99,6.4,120,head_base,FALSE
71,Victreebel,Grass,Poison,80,105,65,70,100,70,1,Green,0.5,1.7,15.5,45,head_base,FALSE
72,Tentacool,Water,Poison,40,40,35,70,50,100,1,Blue,0.5,0.89,45.5,190,several_limbs,FALSE
73,Tentacruel,Water,Poison,80,70,65,100,80,120,1,Blue,0.5,1.6,55,60,several_limbs,FALSE
74,Geodude,Rock,Ground,40,80,100,20,30,30,1,Brown,0.5,0.41,20,255,head_arms,FALSE
75,Graveler,Rock,Ground,55,95,115,35,45,45,1,Brown,0.5,0.99,105,120,bipedal_tailless,FALSE
76,Golem,Rock,Ground,80,120,130,45,55,65,1,Brown,0.5,1.4,300,45,bipedal_tailless,FALSE
77,Ponyta,Fire,,50,85,55,90,65,65,1,Yellow,0.5,0.99,30,190,quadruped,FALSE
78,Rapidash,Fire,,65,100,70,105,80,80,1,Yellow,0.5,1.7,95,60,quadruped,FALSE
79,Slowpoke,Water,Psychic,90,65,65,15,40,40,1,Pink,0.5,1.19,36,190,quadruped,FALSE
80,Slowbro,Water,Psychic,95,75,110,30,100,80,1,Pink,0.5,1.6,78.5,75,bipedal_tailed,FALSE
81,Magnemite,Electric,Steel,25,35,70,45,95,55,1,Grey,,0.3,6,190,head_arms,FALSE
82,Magneton,Electric,Steel,50,60,95,70,120,70,1,Grey,,0.99,60,60,multiple_bodies,FALSE
83,Farfetch'd,Normal,Flying,52,65,55,60,58,62,1,Brown,0.5,0.79,15,45,two_wings,FALSE
84,Doduo,Normal,Flying,35,85,45,75,35,35,1,Brown,0.5,1.4,39.2,190,head_legs,FALSE
85,Dodrio,Normal,Flying,60,110,70,100,60,60,1,Brown,0.5,1.8,85.2,45,head_legs,FALSE
86,Seel,Water,,65,45,55,45,45,70,1,White,0.5,1.09,90,190,with_fins,FALSE
87,Dewgong,Water,Ice,90,70,80,70,70,95,1,White,0.5,1.7,120,75,with_fins,FALSE
88,Grimer,Poison,,80,80,50,25,40,50,1,Purple,0.5,0.89,30,190,head_arms,FALSE
89,Muk,Poison,,105,105,75,50,65,100,1,Purple,0.5,1.19,30,75,head_arms,FALSE
90,Shellder,Water,,30,65,100,40,45,25,1,Purple,0.5,0.3,4,190,head_only,FALSE
91,Cloyster,Water,Ice,50,95,180,70,85,45,1,Purple,0.5,1.5,132.5,60,head_only,FALSE
92,Gastly,Ghost,Poison,30,35,30,80,100,35,1,Purple,0.5,1.3,0.1,190,head_only,FALSE
93,Haunter,Ghost,Poison,45,50,45,95,115,55,1,Purple,0.5,1.6,0.1,90,head_arms,FALSE
94,Gengar,Ghost,Poison,60,65,60,110,130,75,1,Purple,0.5,1.5,40.5,45,bipedal_tailed,FALSE
95,Onix,Rock,Ground,35,45,160,70,30,45,1,Grey,0.5,8.79,210,45,serpentine_body,FALSE
96,Drowzee,Psychic,,60,48,45,42,43,90,1,Yellow,0.5,0.99,32.4,190,bipedal_tailless,FALSE
97,Hypno,Psychic,,85,73,70,67,73,115,1,Yellow,0.5,1.6,75.6,75,bipedal_tailless,FALSE
98,Krabby,Water,,30,105,90,50,25,25,1,Red,0.5,0.41,6.5,225,insectoid,FALSE
99,Kingler,Water,,55,130,115,75,50,50,1,Red,0.5,1.3,60,60,insectoid,FALSE
100,Voltorb,Electric,,40,30,50,100,55,55,1,Red,,0.51,10.4,190,head_only,FALSE
101,Electrode,Electric,,60,50,70,140,80,80,1,Red,,1.19,66.6,60,head_only,FALSE
102,Exeggcute,Grass,Psychic,60,40,80,40,60,45,1,Pink,0.5,0.41,2.5,90,multiple_bodies,FALSE
103,Exeggutor,Grass,Psychic,95,95,85,55,125,65,1,Yellow,0.5,2.01,120,45,head_legs,FALSE
104,Cubone,Ground,,50,50,95,35,40,50,1,Brown,0.5,0.41,6.5,190,bipedal_tailed,FALSE
105,Marowak,Ground,,60,80,110,45,50,80,1,Brown,0.5,0.99,45,75,bipedal_tailed,FALSE
106,Hitmonlee,Fighting,,50,120,53,87,35,110,1,Brown,1,1.5,49.8,45,bipedal_tailless,FALSE
107,Hitmonchan,Fighting,,50,105,79,76,35,110,1,Brown,1,1.4,50.2,45,bipedal_tailless,FALSE
108,Lickitung,Normal,,90,55,75,30,60,75,1,Pink,0.5,1.19,65.5,45,bipedal_tailed,FALSE
109,Koffing,Poison,,40,65,95,35,60,45,1,Purple,0.5,0.61,1,190,head_only,FALSE
110,Weezing,Poison,,65,90,120,60,85,70,1,Purple,0.5,1.19,9.5,60,multiple_bodies,FALSE
111,Rhyhorn,Ground,Rock,80,85,95,25,30,30,1,Grey,0.5,0.99,115,120,quadruped,FALSE
112,Rhydon,Ground,Rock,105,130,120,40,45,45,1,Grey,0.5,1.91,120,60,bipedal_tailed,FALSE
113,Chansey,Normal,,250,5,5,50,35,105,1,Pink,0,1.09,34.6,30,bipedal_tailed,FALSE
114,Tangela,Grass,,65,55,115,60,100,40,1,Blue,0.5,0.99,35,45,head_legs,FALSE
115,Kangaskhan,Normal,,105,95,80,90,40,80,1,Brown,0,2.21,80,45,bipedal_tailed,FALSE
116,Horsea,Water,,30,40,70,60,70,25,1,Blue,0.5,0.41,8,225,head_base,FALSE
117,Seadra,Water,,55,65,95,85,95,45,1,Blue,0.5,1.19,25,75,head_base,FALSE
118,Goldeen,Water,,45,67,60,63,35,50,1,Red,0.5,0.61,15,225,with_fins,FALSE
119,Seaking,Water,,80,92,65,68,65,80,1,Red,0.5,1.3,39,60,with_fins,FALSE
120,Staryu,Water,,30,45,55,85,70,55,1,Brown,,0.79,34.5,225,head_base,FALSE
121,Starmie,Water,Psychic,60,75,85,115,100,85,1,Purple,,1.09,80,60,head_base,FALSE
122,Mr._Mime,Psychic,Fairy,40,45,65,90,100,120,1,Pink,0.5,1.3,54.5,45,bipedal_tailless,FALSE
123,Scyther,Bug,Flying,70,110,80,105,55,80,1,Green,0.5,1.5,56,45,four_wings,FALSE
124,Jynx,Ice,Psychic,65,50,35,95,115,95,1,Red,0,1.4,40.6,45,bipedal_tailless,FALSE
125,Electabuzz,Electric,,65,83,57,105,95,85,1,Yellow,0.75,1.09,30,45,bipedal_tailed,FALSE
126,Magmar,Fire,,65,95,57,93,100,85,1,Red,0.75,1.3,44.5,45,bipedal_tailed,FALSE
127,Pinsir,Bug,,65,125,100,85,55,70,1,Brown,0.5,1.5,55,45,bipedal_tailless,FALSE
128,Tauros,Normal,,75,100,95,110,40,70,1,Brown,1,1.4,88.4,45,quadruped,FALSE
129,Magikarp,Water,,20,10,55,80,15,20,1,Red,0.5,0.89,10,255,with_fins,FALSE
130,Gyarados,Water,Flying,95,125,79,81,60,100,1,Blue,0.5,6.5,235,45,serpentine_body,FALSE
131,Lapras,Water,Ice,130,85,80,60,85,95,1,Blue,0.5,2.49,220,45,with_fins,FALSE
132,Ditto,Normal,,48,48,48,48,48,48,1,Purple,,0.3,4,35,head_only,FALSE
133,Eevee,Normal,,55,55,50,55,45,65,1,Brown,0.875,0.3,6.5,45,quadruped,FALSE
134,Vaporeon,Water,,130,65,60,65,110,95,1,Blue,0.875,0.99,29,45,quadruped,FALSE
135,Jolteon,Electric,,65,65,60,130,110,95,1,Yellow,0.875,0.79,24.5,45,quadruped,FALSE
136,Flareon,Fire,,65,130,60,65,95,110,1,Red,0.875,0.89,25,45,quadruped,FALSE
137,Porygon,Normal,,65,60,70,40,85,75,1,Pink,,0.79,36.5,45,head_legs,FALSE
138,Omanyte,Rock,Water,35,40,100,35,90,55,1,Blue,0.875,0.41,7.5,45,several_limbs,FALSE
139,Omastar,Rock,Water,70,60,125,55,115,70,1,Blue,0.875,0.99,35,45,several_limbs,FALSE
140,Kabuto,Rock,Water,30,80,90,55,55,45,1,Brown,0.875,0.51,11.5,45,insectoid,FALSE
141,Kabutops,Rock,Water,60,115,105,80,65,70,1,Brown,0.875,1.3,40.5,45,bipedal_tailed,FALSE
142,Aerodactyl,Rock,Flying,80,105,65,130,60,75,1,Purple,0.875,1.8,59,45,two_wings,FALSE
143,Snorlax,Normal,,160,110,65,30,65,110,1,Black,0.875,2.11,460,25,bipedal_tailless,FALSE
144,Articuno,Ice,Flying,90,85,100,85,95,125,1,Blue,,1.7,55.4,3,two_wings,TRUE
145,Zapdos,Electric,Flying,90,90,85,100,125,90,1,Yellow,,1.6,52.6,3,two_wings,TRUE
146,Moltres,Fire,Flying,90,100,90,90,125,85,1,Yellow,,2.01,60,3,two_wings,TRUE
147,Dratini,Dragon,,41,64,45,50,50,50,1,Blue,0.5,1.8,3.3,45,serpentine_body,FALSE
148,Dragonair,Dragon,,61,84,65,70,70,70,1,Blue,0.5,3.99,16.5,45,serpentine_body,FALSE
149,Dragonite,Dragon,Flying,91,134,95,80,100,100,1,Brown,0.5,2.21,210,45,bipedal_tailed,FALSE
150,Mewtwo,Psychic,,106,110,90,130,154,90,1,Purple,,2.01,122,3,bipedal_tailed,TRUE
151,Mew,Psychic,,100,100,100,100,100,100,1,Pink,,0.41,4,45,bipedal_tailed,FALSE
152,Chikorita,Grass,,45,49,65,45,49,65,2,Green,0.875,0.89,6.4,45,quadruped,FALSE
153,Bayleef,Grass,,60,62,80,60,63,80,2,Green,0.875,1.19,15.8,45,quadruped,FALSE
154,Meganium,Grass,,80,82,100,80,83,100,2,Green,0.875,1.8,100.5,45,quadruped,FALSE
155,Cyndaquil,Fire,,39,52,43,65,60,50,2,Yellow,0.875,0.51,7.9,45,bipedal_tailless,FALSE
156,Quilava,Fire,,58,64,58,80,80,65,2,Yellow,0.875,0.89,19,45,quadruped,FALSE
157,Typhlosion,Fire,,78,84,78,100,109,85,2,Yellow,0.875,1.7,79.5,45,quadruped,FALSE
158,Totodile,Water,,50,65,64,43,44,48,2,Blue,0.875,0.61,9.5,45,bipedal_tailed,FALSE
159,Croconaw,Water,,65,80,80,58,59,63,2,Blue,0.875,1.09,25,45,bipedal_tailed,FALSE
160,Feraligatr,Water,,85,105,100,78,79,83,2,Blue,0.875,2.31,88.8,45,bipedal_tailed,FALSE
161,Sentret,Normal,,35,46,34,20,35,45,2,Brown,0.5,0.79,6,255,quadruped,FALSE
162,Furret,Normal,,85,76,64,90,45,55,2,Brown,0.5,1.8,32.5,90,quadruped,FALSE
163,Hoothoot,Normal,Flying,60,30,30,50,36,56,2,Brown,0.5,0.71,21.2,255,two_wings,FALSE
164,Noctowl,Normal,Flying,100,50,50,70,76,96,2,Brown,0.5,1.6,40.8,90,two_wings,FALSE
165,Ledyba,Bug,Flying,40,20,30,55,40,80,2,Red,0.5,0.99,10.8,255,two_wings,FALSE
166,Ledian,Bug,Flying,55,35,50,85,55,110,2,Red,0.5,1.4,35.6,90,two_wings,FALSE
167,Spinarak,Bug,Poison,40,60,40,30,40,40,2,Green,0.5,0.51,8.5,255,insectoid,FALSE
168,Ariados,Bug,Poison,70,90,70,40,60,60,2,Red,0.5,1.09,33.5,90,insectoid,FALSE
169,Crobat,Poison,Flying,85,90,80,130,70,80,2,Purple,0.5,1.8,75,90,four_wings,FALSE
170,Chinchou,Water,Electric,75,38,38,67,56,56,2,Blue,0.5,0.51,12,190,with_fins,FALSE
171,Lanturn,Water,Electric,125,58,58,67,76,76,2,Blue,0.5,1.19,22.5,75,with_fins,FALSE
172,Pichu,Electric,,20,40,15,60,35,35,2,Yellow,0.5,0.3,2,190,quadruped,FALSE
173,Cleffa,Fairy,,50,25,28,15,45,55,2,Pink,0.25,0.3,3,150,bipedal_tailed,FALSE
174,Igglybuff,Normal,Fairy,90,30,15,15,40,20,2,Pink,0.25,0.3,1,170,bipedal_tailless,FALSE
175,Togepi,Fairy,,35,20,65,20,40,65,2,White,0.875,0.3,1.5,190,bipedal_tailless,FALSE
176,Togetic,Fairy,Flying,55,40,85,40,80,105,2,White,0.875,0.61,3.2,75,bipedal_tailless,FALSE
177,Natu,Psychic,Flying,40,50,45,70,70,45,2,Green,0.5,0.2,2,190,two_wings,FALSE
178,Xatu,Psychic,Flying,65,75,70,95,95,70,2,Green,0.5,1.5,15,75,two_wings,FALSE
179,Mareep,Electric,,55,40,40,35,65,45,2,White,0.5,0.61,7.8,235,quadruped,FALSE
180,Flaaffy,Electric,,70,55,55,45,80,60,2,Pink,0.5,0.79,13.3,120,bipedal_tailed,FALSE
181,Ampharos,Electric,,90,75,85,55,115,90,2,Yellow,0.5,1.4,61.5,45,bipedal_tailed,FALSE
182,Bellossom,Grass,,75,80,95,50,90,100,2,Green,0.5,0.41,5.8,45,bipedal_tailless,FALSE
183,Marill,Water,Fairy,70,20,50,40,20,50,2,Blue,0.5,0.41,8.5,190,bipedal_tailed,FALSE
184,Azumarill,Water,Fairy,100,50,80,50,60,80,2,Blue,0.5,0.79,28.5,75,bipedal_tailed,FALSE
185,Sudowoodo,Rock,,70,100,115,30,30,65,2,Brown,0.5,1.19,38,65,bipedal_tailless,FALSE
186,Politoed,Water,,90,75,75,70,90,100,2,Green,0.5,1.09,33.9,45,bipedal_tailed,FALSE
187,Hoppip,Grass,Flying,35,35,40,50,35,55,2,Pink,0.5,0.41,0.5,255,bipedal_tailed,FALSE
188,Skiploom,Grass,Flying,55,45,50,80,45,65,2,Green,0.5,0.61,1,120,bipedal_tailed,FALSE
189,Jumpluff,Grass,Flying,75,55,70,110,55,95,2,Blue,0.5,0.79,3,45,bipedal_tailed,FALSE
190,Aipom,Normal,,55,70,55,85,40,55,2,Purple,0.5,0.79,11.5,45,bipedal_tailed,FALSE
191,Sunkern,Grass,,30,30,30,30,30,30,2,Yellow,0.5,0.3,1.8,235,head_only,FALSE
192,Sunflora,Grass,,75,75,55,30,105,85,2,Yellow,0.5,0.79,8.5,120,bipedal_tailless,FALSE
193,Yanma,Bug,Flying,65,65,45,95,75,45,2,Red,0.5,1.19,38,75,four_wings,FALSE
194,Wooper,Water,Ground,55,45,45,15,25,25,2,Blue,0.5,0.41,8.5,255,head_legs,FALSE
195,Quagsire,Water,Ground,95,85,85,35,65,65,2,Blue,0.5,1.4,75,90,bipedal_tailed,FALSE
196,Espeon,Psychic,,65,65,60,110,130,95,2,Purple,0.875,0.89,26.5,45,quadruped,FALSE
197,Umbreon,Dark,,95,65,110,65,60,130,2,Black,0.875,0.99,27,45,quadruped,FALSE
198,Murkrow,Dark,Flying,60,85,42,91,85,42,2,Black,0.5,0.51,2.1,30,two_wings,FALSE
199,Slowking,Water,Psychic,95,75,80,30,100,110,2,Pink,0.5,2.01,79.5,70,bipedal_tailed,FALSE
200,Misdreavus,Ghost,,60,60,60,85,85,85,2,Purple,0.5,0.71,1,45,head_only,FALSE
201,Unown,Psychic,,48,72,48,48,72,48,2,Black,,0.51,5,225,head_only,FALSE
202,Wobbuffet,Psychic,,190,33,58,33,33,58,2,Blue,0.5,1.3,28.5,45,head_base,FALSE
203,Girafarig,Normal,Psychic,70,80,65,85,90,65,2,Yellow,0.5,1.5,41.5,60,quadruped,FALSE
204,Pineco,Bug,,50,65,90,15,35,35,2,Grey,0.5,0.61,7.2,190,head_only,FALSE
205,Forretress,Bug,Steel,75,90,140,40,60,60,2,Purple,0.5,1.19,125.8,75,head_only,FALSE
206,Dunsparce,Normal,,100,70,70,45,65,65,2,Yellow,0.5,1.5,14,190,serpentine_body,FALSE
207,Gligar,Ground,Flying,65,75,105,85,35,65,2,Purple,0.5,1.09,64.8,60,two_wings,FALSE
208,Steelix,Steel,Ground,75,85,200,30,55,65,2,Grey,0.5,9.19,400,25,serpentine_body,FALSE
209,Snubbull,Fairy,,60,80,50,30,40,40,2,Pink,0.25,0.61,7.8,190,bipedal_tailless,FALSE
210,Granbull,Fairy,,90,120,75,45,60,60,2,Purple,0.25,1.4,48.7,75,bipedal_tailed,FALSE
211,Qwilfish,Water,Poison,65,95,75,85,55,55,2,Grey,0.5,0.51,3.9,45,with_fins,FALSE
212,Scizor,Bug,Steel,70,130,100,65,55,80,2,Red,0.5,1.8,118,25,four_wings,FALSE
213,Shuckle,Bug,Rock,20,10,230,5,10,230,2,Yellow,0.5,0.61,20.5,190,insectoid,FALSE
214,Heracross,Bug,Fighting,80,125,75,85,40,95,2,Blue,0.5,1.5,54,45,bipedal_tailless,FALSE
215,Sneasel,Dark,Ice,55,95,55,115,35,75,2,Black,0.5,0.89,28,60,bipedal_tailed,FALSE
216,Teddiursa,Normal,,60,80,50,40,50,50,2,Brown,0.5,0.61,8.8,120,bipedal_tailed,FALSE
217,Ursaring,Normal,,90,130,75,55,75,75,2,Brown,0.5,1.8,125.8,60,bipedal_tailed,FALSE
218,Slugma,Fire,,40,40,40,20,70,40,2,Red,0.5,0.71,35,190,serpentine_body,FALSE
219,Magcargo,Fire,Rock,50,50,120,30,80,80,2,Red,0.5,0.79,55,75,serpentine_body,FALSE
220,Swinub,Ice,Ground,50,50,40,50,30,30,2,Brown,0.5,0.41,6.5,225,quadruped,FALSE
221,Piloswine,Ice,Ground,100,100,80,50,60,60,2,Brown,0.5,1.09,55.8,75,quadruped,FALSE
222,Corsola,Water,Rock,55,55,85,35,65,85,2,Pink,0.25,0.61,5,60,insectoid,FALSE
223,Remoraid,Water,,35,65,35,65,65,35,2,Grey,0.5,0.61,12,190,with_fins,FALSE
224,Octillery,Water,,75,105,75,45,105,75,2,Red,0.5,0.89,28.5,75,several_limbs,FALSE
225,Delibird,Ice,Flying,45,55,45,75,65,45,2,Red,0.5,0.89,16,45,two_wings,FALSE
226,Mantine,Water,Flying,65,40,70,70,80,140,2,Purple,0.5,2.11,220,25,two_wings,FALSE
227,Skarmory,Steel,Flying,65,80,140,70,40,70,2,Grey,0.5,1.7,50.5,25,two_wings,FALSE
228,Houndour,Dark,Fire,45,60,30,65,80,50,2,Black,0.5,0.61,10.8,120,quadruped,FALSE
229,Houndoom,Dark,Fire,75,90,50,95,110,80,2,Black,0.5,1.4,35,45,quadruped,FALSE
230,Kingdra,Water,Dragon,75,95,95,85,95,95,2,Blue,0.5,1.8,152,45,head_base,FALSE
231,Phanpy,Ground,,90,60,60,40,40,40,2,Blue,0.5,0.51,33.5,120,quadruped,FALSE
232,Donphan,Ground,,90,120,120,50,60,60,2,Grey,0.5,1.09,120,60,quadruped,FALSE
233,Porygon2,Normal,,85,80,90,60,105,95,2,Red,,0.61,32.5,45,head_legs,FALSE
234,Stantler,Normal,,73,95,62,85,85,65,2,Brown,0.5,1.4,71.2,45,quadruped,FALSE
235,Smeargle,Normal,,55,20,35,75,20,45,2,White,0.5,1.19,58,45,bipedal_tailed,FALSE
236,Tyrogue,Fighting,,35,35,35,35,35,35,2,Purple,1,0.71,21,75,bipedal_tailless,FALSE
237,Hitmontop,Fighting,,50,95,95,70,35,110,2,Brown,1,1.4,48,45,bipedal_tailed,FALSE
238,Smoochum,Ice,Psychic,45,30,15,65,85,65,2,Pink,0,0.41,6,45,bipedal_tailless,FALSE
239,Elekid,Electric,,45,63,37,95,65,55,2,Yellow,0.75,0.61,23.5,45,bipedal_tailless,FALSE
240,Magby,Fire,,45,75,37,83,70,55,2,Red,0.75,0.71,21.4,45,bipedal_tailed,FALSE
241,Miltank,Normal,,95,80,105,100,40,70,2,Pink,0,1.19,75.5,45,bipedal_tailed,FALSE
242,Blissey,Normal,,255,10,10,55,75,135,2,Pink,0,1.5,46.8,30,bipedal_tailless,FALSE
243,Raikou,Electric,,90,85,75,115,115,100,2,Yellow,,1.91,178,3,quadruped,TRUE
244,Entei,Fire,,115,115,85,100,90,75,2,Brown,,2.11,198,3,quadruped,TRUE
245,Suicune,Water,,100,75,115,85,90,115,2,Blue,,2.01,187,3,quadruped,TRUE
246,Larvitar,Rock,Ground,50,64,50,41,45,50,2,Green,0.5,0.61,72,45,bipedal_tailed,FALSE
247,Pupitar,Rock,Ground,70,84,70,51,65,70,2,Grey,0.5,1.19,152,45,serpentine_body,FALSE
248,Tyranitar,Rock,Dark,100,134,110,61,95,100,2,Green,0.5,2.01,202,45,bipedal_tailed,FALSE
249,Lugia,Psychic,Flying,106,90,130,110,90,154,2,White,,5.21,216,3,two_wings,TRUE
250,Ho-Oh,Fire,Flying,106,130,90,90,110,154,2,Red,,3.81,199,3,two_wings,TRUE
251,Celebi,Psychic,Grass,100,100,100,100,100,100,2,Green,,0.61,5,45,bipedal_tailless,FALSE
252,Treecko,Grass,,40,45,35,70,65,55,3,Green,0.875,0.51,5,45,bipedal_tailed,FALSE
253,Grovyle,Grass,,50,65,45,95,85,65,3,Green,0.875,0.89,21.6,45,bipedal_tailed,FALSE
254,Sceptile,Grass,,70,85,65,120,105,85,3,Green,0.875,1.7,52.2,45,bipedal_tailed,FALSE
255,Torchic,Fire,,45,60,40,45,70,50,3,Red,0.875,0.41,2.5,45,head_legs,FALSE
256,Combusken,Fire,Fighting,60,85,60,55,85,60,3,Red,0.875,0.89,19.5,45,bipedal_tailed,FALSE
257,Blaziken,Fire,Fighting,80,120,70,80,110,70,3,Red,0.875,1.91,52,45,bipedal_tailed,FALSE
258,Mudkip,Water,,50,70,50,40,50,50,3,Blue,0.875,0.41,7.6,45,quadruped,FALSE
259,Marshtomp,Water,Ground,70,85,70,50,60,70,3,Blue,0.875,0.71,28,45,bipedal_tailed,FALSE
260,Swampert,Water,Ground,100,110,90,60,85,90,3,Blue,0.875,1.5,81.9,45,bipedal_tailed,FALSE
261,Poochyena,Dark,,35,55,35,35,30,30,3,Grey,0.5,0.51,13.6,255,quadruped,FALSE
262,Mightyena,Dark,,70,90,70,70,60,60,3,Grey,0.5,0.99,37,127,quadruped,FALSE
263,Zigzagoon,Normal,,38,30,41,60,30,41,3,Brown,0.5,0.41,17.5,255,quadruped,FALSE
264,Linoone,Normal,,78,70,61,100,50,61,3,White,0.5,0.51,32.5,90,quadruped,FALSE
265,Wurmple,Bug,,45,45,35,20,20,30,3,Red,0.5,0.3,3.6,255,serpentine_body,FALSE
266,Silcoon,Bug,,50,35,55,15,25,25,3,White,0.5,0.61,10,120,head_only,FALSE
267,Beautifly,Bug,Flying,60,70,50,65,100,50,3,Yellow,0.5,0.99,28.4,45,four_wings,FALSE
268,Cascoon,Bug,,50,35,55,15,25,25,3,Purple,0.5,0.71,11.5,120,head_only,FALSE
269,Dustox,Bug,Poison,60,50,70,65,50,90,3,Green,0.5,1.19,31.6,45,four_wings,FALSE
270,Lotad,Water,Grass,40,30,30,30,40,50,3,Green,0.5,0.51,2.6,255,insectoid,FALSE
271,Lombre,Water,Grass,60,50,50,50,60,70,3,Green,0.5,1.19,32.5,120,bipedal_tailless,FALSE
272,Ludicolo,Water,Grass,80,70,70,70,90,100,3,Green,0.5,1.5,55,45,bipedal_tailless,FALSE
273,Seedot,Grass,,40,40,50,30,30,30,3,Brown,0.5,0.51,4,255,head_legs,FALSE
274,Nuzleaf,Grass,Dark,70,70,40,60,60,40,3,Brown,0.5,0.99,28,120,bipedal_tailless,FALSE
275,Shiftry,Grass,Dark,90,100,60,80,90,60,3,Brown,0.5,1.3,59.6,45,bipedal_tailless,FALSE
276,Taillow,Normal,Flying,40,55,30,85,30,30,3,Blue,0.5,0.3,2.3,200,two_wings,FALSE
277,Swellow,Normal,Flying,60,85,60,125,50,50,3,Blue,0.5,0.71,19.8,45,two_wings,FALSE
278,Wingull,Water,Flying,40,30,30,85,55,30,3,White,0.5,0.61,9.5,190,two_wings,FALSE
279,Pelipper,Water,Flying,60,50,100,65,85,70,3,Yellow,0.5,1.19,28,45,two_wings,FALSE
280,Ralts,Psychic,Fairy,28,25,25,40,45,35,3,White,0.5,0.41,6.6,235,bipedal_tailless,FALSE
281,Kirlia,Psychic,Fairy,38,35,35,50,65,55,3,White,0.5,0.79,20.2,120,bipedal_tailless,FALSE
282,Gardevoir,Psychic,Fairy,68,65,65,80,125,115,3,White,0.5,1.6,48.4,45,bipedal_tailless,FALSE
283,Surskit,Bug,Water,40,30,32,65,50,52,3,Blue,0.5,0.51,1.7,200,insectoid,FALSE
284,Masquerain,Bug,Flying,70,60,62,60,80,82,3,Blue,0.5,0.79,3.6,75,four_wings,FALSE
285,Shroomish,Grass,,60,40,60,35,40,60,3,Brown,0.5,0.41,4.5,255,head_legs,FALSE
286,Breloom,Grass,Fighting,60,130,80,70,60,60,3,Green,0.5,1.19,39.2,90,bipedal_tailed,FALSE
287,Slakoth,Normal,,60,60,60,30,35,35,3,Brown,0.5,0.79,24,255,quadruped,FALSE
288,Vigoroth,Normal,,80,80,80,90,55,55,3,White,0.5,1.4,46.5,120,bipedal_tailed,FALSE
289,Slaking,Normal,,150,160,100,100,95,65,3,Brown,0.5,2.01,130.5,45,bipedal_tailless,FALSE
290,Nincada,Bug,Ground,31,45,90,40,30,30,3,Grey,0.5,0.51,5.5,255,insectoid,FALSE
291,Ninjask,Bug,Flying,61,90,45,160,50,50,3,Yellow,0.5,0.79,12,120,four_wings,FALSE
292,Shedinja,Bug,Ghost,1,90,45,40,30,30,3,Brown,,0.79,1.2,45,head_base,FALSE
293,Whismur,Normal,,64,51,23,28,51,23,3,Pink,0.5,0.61,16.3,190,bipedal_tailed,FALSE
294,Loudred,Normal,,84,71,43,48,71,43,3,Blue,0.5,0.99,40.5,120,bipedal_tailed,FALSE
295,Exploud,Normal,,104,91,63,68,91,73,3,Blue,0.5,1.5,84,45,bipedal_tailed,FALSE
296,Makuhita,Fighting,,72,60,30,25,20,30,3,Yellow,0.75,0.99,86.4,180,bipedal_tailless,FALSE
297,Hariyama,Fighting,,144,120,60,50,40,60,3,Brown,0.75,2.31,253.8,200,bipedal_tailless,FALSE
298,Azurill,Normal,Fairy,50,20,40,20,20,40,3,Blue,0.25,0.2,2,150,head_legs,FALSE
299,Nosepass,Rock,,30,45,135,30,45,90,3,Grey,0.5,0.99,97,255,bipedal_tailless,FALSE
300,Skitty,Normal,,50,45,45,50,35,35,3,Pink,0.25,0.61,11,255,quadruped,FALSE
301,Delcatty,Normal,,70,65,65,70,55,55,3,Purple,0.25,1.09,32.6,60,quadruped,FALSE
302,Sableye,Dark,Ghost,50,75,75,50,65,65,3,Purple,0.5,0.51,11,45,bipedal_tailless,FALSE
303,Mawile,Steel,Fairy,50,85,85,50,55,55,3,Black,0.5,0.61,11.5,45,bipedal_tailless,FALSE
304,Aron,Steel,Rock,50,70,100,30,40,40,3,Grey,0.5,0.41,60,180,quadruped,FALSE
305,Lairon,Steel,Rock,60,90,140,40,50,50,3,Grey,0.5,0.89,120,90,quadruped,FALSE
306,Aggron,Steel,Rock,70,110,180,50,60,60,3,Grey,0.5,2.11,360,45,bipedal_tailed,FALSE
307,Meditite,Fighting,Psychic,30,40,55,60,40,55,3,Blue,0.5,0.61,11.2,180,bipedal_tailless,FALSE
308,Medicham,Fighting,Psychic,60,60,75,80,60,75,3,Red,0.5,1.3,31.5,90,bipedal_tailless,FALSE
309,Electrike,Electric,,40,45,40,65,65,40,3,Green,0.5,0.61,15.2,120,quadruped,FALSE
310,Manectric,Electric,,70,75,60,105,105,60,3,Yellow,0.5,1.5,40.2,45,quadruped,FALSE
311,Plusle,Electric,,60,50,40,95,85,75,3,Yellow,0.5,0.41,4.2,200,bipedal_tailed,FALSE
312,Minun,Electric,,60,40,50,95,75,85,3,Yellow,0.5,0.41,4.2,200,bipedal_tailed,FALSE
313,Volbeat,Bug,,65,73,55,85,47,75,3,Grey,1,0.71,17.7,150,bipedal_tailed,FALSE
314,Illumise,Bug,,65,47,55,85,73,75,3,Purple,0,0.61,17.7,150,bipedal_tailless,FALSE
315,Roselia,Grass,Poison,50,60,45,65,100,80,3,Green,0.5,0.3,2,150,bipedal_tailless,FALSE
316,Gulpin,Poison,,70,43,53,40,43,53,3,Green,0.5,0.41,10.3,225,head_arms,FALSE
317,Swalot,Poison,,100,73,83,55,73,83,3,Purple,0.5,1.7,80,75,head_arms,FALSE
318,Carvanha,Water,Dark,45,90,20,65,65,20,3,Red,0.5,0.79,20.8,225,with_fins,FALSE
319,Sharpedo,Water,Dark,70,120,40,95,95,40,3,Blue,0.5,1.8,88.8,60,with_fins,FALSE
320,Wailmer,Water,,130,70,35,60,70,35,3,Blue,0.5,2.01,130,125,with_fins,FALSE
321,Wailord,Water,,170,90,45,60,90,45,3,Blue,0.5,14.5,398,60,with_fins,FALSE
322,Numel,Fire,Ground,60,60,40,35,65,45,3,Yellow,0.5,0.71,24,255,quadruped,FALSE
323,Camerupt,Fire,Ground,70,100,70,40,105,75,3,Red,0.5,1.91,220,150,quadruped,FALSE
324,Torkoal,Fire,,70,85,140,20,85,70,3,Brown,0.5,0.51,80.4,90,quadruped,FALSE
325,Spoink,Psychic,,60,25,35,60,70,80,3,Black,0.5,0.71,30.6,255,head_arms,FALSE
326,Grumpig,Psychic,,80,45,65,80,90,110,3,Purple,0.5,0.89,71.5,60,bipedal_tailed,FALSE
327,Spinda,Normal,,60,60,60,60,60,60,3,Brown,0.5,1.09,5,255,bipedal_tailed,FALSE
328,Trapinch,Ground,,45,100,45,10,45,45,3,Brown,0.5,0.71,15,255,insectoid,FALSE
329,Vibrava,Ground,Dragon,50,70,50,70,50,50,3,Green,0.5,1.09,15.3,120,four_wings,FALSE
330,Flygon,Ground,Dragon,80,100,80,100,80,80,3,Green,0.5,2.01,82,45,two_wings,FALSE
331,Cacnea,Grass,,50,85,40,35,85,40,3,Green,0.5,0.41,51.3,190,bipedal_tailless,FALSE
332,Cacturne,Grass,Dark,70,115,60,55,115,60,3,Green,0.5,1.3,77.4,60,bipedal_tailless,FALSE
333,Swablu,Normal,Flying,45,40,60,50,40,75,3,Blue,0.5,0.41,1.2,255,two_wings,FALSE
334,Altaria,Dragon,Flying,75,70,90,80,70,105,3,Blue,0.5,1.09,20.6,45,two_wings,FALSE
335,Zangoose,Normal,,73,115,60,90,60,60,3,White,0.5,1.3,40.3,90,bipedal_tailed,FALSE
336,Seviper,Poison,,73,100,60,65,100,60,3,Black,0.5,2.69,52.5,90,serpentine_body,FALSE
337,Lunatone,Rock,Psychic,70,55,65,70,95,85,3,Yellow,,0.99,168,45,head_only,FALSE
338,Solrock,Rock,Psychic,70,95,85,70,55,65,3,Red,,1.19,154,45,head_only,FALSE
339,Barboach,Water,Ground,50,48,43,60,46,41,3,Grey,0.5,0.41,1.9,190,with_fins,FALSE
340,Whiscash,Water,Ground,110,78,73,60,76,71,3,Blue,0.5,0.89,23.6,75,with_fins,FALSE
341,Corphish,Water,,43,80,65,35,50,35,3,Red,0.5,0.61,11.5,205,insectoid,FALSE
342,Crawdaunt,Water,Dark,63,120,85,55,90,55,3,Red,0.5,1.09,32.8,155,insectoid,FALSE
343,Baltoy,Ground,Psychic,40,40,55,55,40,70,3,Brown,,0.51,21.5,255,head_arms,FALSE
344,Claydol,Ground,Psychic,60,70,105,75,70,120,3,Black,,1.5,108,90,head_arms,FALSE
345,Lileep,Rock,Grass,66,41,77,23,61,87,3,Purple,0.875,0.99,23.8,45,head_base,FALSE
346,Cradily,Rock,Grass,86,81,97,43,81,107,3,Green,0.875,1.5,60.4,45,head_base,FALSE
347,Anorith,Rock,Bug,45,95,50,75,40,50,3,Grey,0.875,0.71,12.5,45,insectoid,FALSE
348,Armaldo,Rock,Bug,75,125,100,45,70,80,3,Grey,0.875,1.5,68.2,45,bipedal_tailed,FALSE
349,Feebas,Water,,20,15,20,80,10,55,3,Brown,0.5,0.61,7.4,255,with_fins,FALSE
350,Milotic,Water,,95,60,79,81,100,125,3,Pink,0.5,6.2,162,60,serpentine_body,FALSE
351,Castform,Normal,,70,70,70,70,70,70,3,White,0.5,0.3,0.8,45,head_only,FALSE
352,Kecleon,Normal,,60,90,70,40,60,120,3,Green,0.5,0.99,22,200,bipedal_tailed,FALSE
353,Shuppet,Ghost,,44,75,35,45,63,33,3,Black,0.5,0.61,2.3,225,head_only,FALSE
354,Banette,Ghost,,64,115,65,65,83,63,3,Black,0.5,1.09,12.5,45,bipedal_tailed,FALSE
355,Duskull,Ghost,,20,40,90,25,30,90,3,Black,0.5,0.79,15,190,head_arms,FALSE
356,Dusclops,Ghost,,40,70,130,25,60,130,3,Black,0.5,1.6,30.6,90,bipedal_tailless,FALSE
357,Tropius,Grass,Flying,99,68,83,51,72,87,3,Green,0.5,2.01,100,200,quadruped,FALSE
358,Chimecho,Psychic,,65,50,70,65,95,80,3,Blue,0.5,0.61,1,45,head_arms,FALSE
359,Absol,Dark,,65,130,60,75,75,60,3,White,0.5,1.19,47,30,quadruped,FALSE
360,Wynaut,Psychic,,95,23,48,23,23,48,3,Blue,0.5,0.61,14,125,bipedal_tailed,FALSE
361,Snorunt,Ice,,50,50,50,50,50,50,3,Grey,0.5,0.71,16.8,190,bipedal_tailless,FALSE
362,Glalie,Ice,,80,80,80,80,80,80,3,Grey,0.5,1.5,256.5,75,head_only,FALSE
363,Spheal,Ice,Water,70,40,50,25,55,50,3,Blue,0.5,0.79,39.5,255,with_fins,FALSE
364,Sealeo,Ice,Water,90,60,70,45,75,70,3,Blue,0.5,1.09,87.6,120,with_fins,FALSE
365,Walrein,Ice,Water,110,80,90,65,95,90,3,Blue,0.5,1.4,150.6,45,quadruped,FALSE
366,Clamperl,Water,,35,64,85,32,74,55,3,Blue,0.5,0.41,52.5,255,head_only,FALSE
367,Huntail,Water,,55,104,105,52,94,75,3,Blue,0.5,1.7,27,60,serpentine_body,FALSE
368,Gorebyss,Water,,55,84,105,52,114,75,3,Pink,0.5,1.8,22.6,60,serpentine_body,FALSE
369,Relicanth,Water,Rock,100,90,130,55,45,65,3,Grey,0.875,0.99,23.4,25,with_fins,FALSE
370,Luvdisc,Water,,43,30,55,97,40,65,3,Pink,0.25,0.61,8.7,225,with_fins,FALSE
371,Bagon,Dragon,,45,75,60,50,40,30,3,Blue,0.5,0.61,42.1,45,bipedal_tailless,FALSE
372,Shelgon,Dragon,,65,95,100,50,60,50,3,White,0.5,1.09,110.5,45,quadruped,FALSE
373,Salamence,Dragon,Flying,95,135,80,100,110,80,3,Blue,0.5,1.5,102.6,45,quadruped,FALSE
374,Beldum,Steel,Psychic,40,55,80,30,35,60,3,Blue,,0.61,95.2,3,head_base,FALSE
375,Metang,Steel,Psychic,60,75,100,50,55,80,3,Blue,,1.19,202.5,3,head_arms,FALSE
376,Metagross,Steel,Psychic,80,135,130,70,95,90,3,Blue,,1.6,550,3,multiple_bodies,FALSE
377,Regirock,Rock,,80,100,200,50,50,100,3,Brown,,1.7,230,3,bipedal_tailless,TRUE
378,Regice,Ice,,80,50,100,50,100,200,3,Blue,,1.8,175,3,bipedal_tailless,TRUE
379,Registeel,Steel,,80,75,150,50,75,150,3,Grey,,1.91,205,3,bipedal_tailless,TRUE
380,Latias,Dragon,Psychic,80,80,90,110,110,130,3,Red,0,1.4,40,3,two_wings,TRUE
381,Latios,Dragon,Psychic,80,90,80,110,130,110,3,Blue,1,2.01,60,3,two_wings,TRUE
382,Kyogre,Water,,100,100,90,90,150,140,3,Blue,,4.5,352,3,with_fins,TRUE
383,Groudon,Ground,,100,150,140,90,100,90,3,Red,,3.51,950,3,bipedal_tailed,TRUE
384,Rayquaza,Dragon,Flying,105,150,90,95,150,90,3,Green,,7.01,206.5,45,serpentine_body,TRUE
385,Jirachi,Steel,Psychic,100,100,100,100,100,100,3,Yellow,,0.3,1.1,3,bipedal_tailless,TRUE
386,Deoxys,Psychic,,50,150,50,150,150,50,3,Red,,1.7,60.8,3,bipedal_tailless,TRUE
387,Turtwig,Grass,,55,68,64,31,45,55,4,Green,0.875,0.41,10.2,45,quadruped,FALSE
388,Grotle,Grass,,75,89,85,36,55,65,4,Green,0.875,1.09,97,45,quadruped,FALSE
389,Torterra,Grass,Ground,95,109,105,56,75,85,4,Green,0.875,2.21,310,45,quadruped,FALSE
390,Chimchar,Fire,,44,58,44,61,58,44,4,Brown,0.875,0.51,6.2,45,bipedal_tailed,FALSE
391,Monferno,Fire,Fighting,64,78,52,81,78,52,4,Brown,0.875,0.89,22,45,bipedal_tailed,FALSE
392,Infernape,Fire,Fighting,76,104,71,108,104,71,4,Brown,0.875,1.19,55,45,bipedal_tailed,FALSE
393,Piplup,Water,,53,51,53,40,61,56,4,Blue,0.875,0.41,5.2,45,bipedal_tailless,FALSE
394,Prinplup,Water,,64,66,68,50,81,76,4,Blue,0.875,0.79,23,45,bipedal_tailed,FALSE
395,Empoleon,Water,Steel,84,86,88,60,111,101,4,Blue,0.875,1.7,84.5,45,bipedal_tailed,FALSE
396,Starly,Normal,Flying,40,55,30,60,30,30,4,Brown,0.5,0.3,2,255,two_wings,FALSE
397,Staravia,Normal,Flying,55,75,50,80,40,40,4,Brown,0.5,0.61,15.5,120,two_wings,FALSE
398,Staraptor,Normal,Flying,85,120,70,100,50,60,4,Brown,0.5,1.19,24.9,45,two_wings,FALSE
399,Bidoof,Normal,,59,45,40,31,35,40,4,Brown,0.5,0.51,20,255,quadruped,FALSE
400,Bibarel,Normal,Water,79,85,60,71,55,60,4,Brown,0.5,0.99,31.5,127,bipedal_tailed,FALSE
401,Kricketot,Bug,,37,25,41,25,25,41,4,Red,0.5,0.3,2.2,255,bipedal_tailless,FALSE
402,Kricketune,Bug,,77,85,51,65,55,51,4,Red,0.5,0.99,25.5,45,four_wings,FALSE
403,Shinx,Electric,,45,65,34,45,40,34,4,Blue,0.5,0.51,9.5,235,quadruped,FALSE
404,Luxio,Electric,,60,85,49,60,60,49,4,Blue,0.5,0.89,30.5,120,quadruped,FALSE
405,Luxray,Electric,,80,120,79,70,95,79,4,Blue,0.5,1.4,42,45,quadruped,FALSE
406,Budew,Grass,Poison,40,30,35,55,50,70,4,Green,0.5,0.2,1.2,255,bipedal_tailless,FALSE
407,Roserade,Grass,Poison,60,70,65,90,125,105,4,Green,0.5,0.89,14.5,75,bipedal_tailless,FALSE
408,Cranidos,Rock,,67,125,40,58,30,30,4,Blue,0.875,0.89,31.5,45,bipedal_tailed,FALSE
409,Rampardos,Rock,,97,165,60,58,65,50,4,Blue,0.875,1.6,102.5,45,bipedal_tailed,FALSE
410,Shieldon,Rock,Steel,30,42,118,30,42,88,4,Grey,0.875,0.51,57,45,quadruped,FALSE
411,Bastiodon,Rock,Steel,60,52,168,30,47,138,4,Grey,0.875,1.3,149.5,45,quadruped,FALSE
412,Burmy,Bug,,40,29,45,36,29,45,4,Grey,0.5,0.2,3.4,120,head_base,FALSE
413,Wormadam,Bug,Grass,60,59,85,36,79,105,4,Grey,0,0.51,6.5,45,head_base,FALSE
414,Mothim,Bug,Flying,70,94,50,66,94,50,4,Yellow,1,0.89,23.3,45,four_wings,FALSE
415,Combee,Bug,Flying,30,30,42,70,30,42,4,Yellow,0.875,0.3,5.5,120,multiple_bodies,FALSE
416,Vespiquen,Bug,Flying,70,80,102,40,80,102,4,Yellow,0,1.19,38.5,45,four_wings,FALSE
417,Pachirisu,Electric,,60,45,70,95,45,90,4,White,0.5,0.41,3.9,200,quadruped,FALSE
418,Buizel,Water,,55,65,35,85,60,30,4,Brown,0.5,0.71,29.5,190,quadruped,FALSE
419,Floatzel,Water,,85,105,55,115,85,50,4,Brown,0.5,1.09,33.5,75,quadruped,FALSE
420,Cherubi,Grass,,45,35,45,35,62,53,4,Pink,0.5,0.41,3.3,190,multiple_bodies,FALSE
421,Cherrim,Grass,,70,60,70,85,87,78,4,Pink,0.5,0.51,9.3,75,head_legs,FALSE
422,Shellos,Water,,76,48,48,34,57,62,4,Purple,0.5,0.3,6.3,190,serpentine_body,FALSE
423,Gastrodon,Water,Ground,111,83,68,39,92,82,4,Purple,0.5,0.89,29.9,75,serpentine_body,FALSE
424,Ambipom,Normal,,75,100,66,115,60,66,4,Purple,0.5,1.19,20.3,45,bipedal_tailed,FALSE
425,Drifloon,Ghost,Flying,90,50,34,70,60,44,4,Purple,0.5,0.41,1.2,125,head_arms,FALSE
426,Drifblim,Ghost,Flying,150,80,44,80,90,54,4,Purple,0.5,1.19,15,60,head_arms,FALSE
427,Buneary,Normal,,55,66,44,85,44,56,4,Brown,0.5,0.41,5.5,190,bipedal_tailed,FALSE
428,Lopunny,Normal,,65,76,84,105,54,96,4,Brown,0.5,1.19,33.3,60,bipedal_tailed,FALSE
429,Mismagius,Ghost,,60,60,60,105,105,105,4,Purple,0.5,0.89,4.4,45,head_only,FALSE
430,Honchkrow,Dark,Flying,100,125,52,71,105,52,4,Black,0.5,0.89,27.3,30,two_wings,FALSE
431,Glameow,Normal,,49,55,42,85,42,37,4,Grey,0.25,0.51,3.9,190,quadruped,FALSE
432,Purugly,Normal,,71,82,64,112,64,59,4,Grey,0.25,0.99,43.8,75,quadruped,FALSE
433,Chingling,Psychic,,45,30,50,45,65,50,4,Yellow,0.5,0.2,0.6,120,bipedal_tailless,FALSE
434,Stunky,Poison,Dark,63,63,47,74,41,41,4,Purple,0.5,0.41,19.2,225,quadruped,FALSE
435,Skuntank,Poison,Dark,103,93,67,84,71,61,4,Purple,0.5,0.99,38,60,quadruped,FALSE
436,Bronzor,Steel,Psychic,57,24,86,23,24,86,4,Green,,0.51,60.5,255,head_only,FALSE
437,Bronzong,Steel,Psychic,67,89,116,33,79,116,4,Green,,1.3,187,90,head_arms,FALSE
438,Bonsly,Rock,,50,80,95,10,10,45,4,Brown,0.5,0.51,15,255,head_legs,FALSE
439,Mime_Jr.,Psychic,Fairy,20,25,45,60,70,90,4,Pink,0.5,0.61,13,145,bipedal_tailless,FALSE
440,Happiny,Normal,,100,5,5,30,15,65,4,Pink,0,0.61,24.4,130,bipedal_tailless,FALSE
441,Chatot,Normal,Flying,76,65,45,91,92,42,4,Black,0.5,0.51,1.9,30,two_wings,FALSE
442,Spiritomb,Ghost,Dark,50,92,108,35,92,108,4,Purple,0.5,0.99,108,100,head_base,FALSE
443,Gible,Dragon,Ground,58,70,45,42,40,45,4,Blue,0.5,0.71,20.5,45,bipedal_tailed,FALSE
444,Gabite,Dragon,Ground,68,90,65,82,50,55,4,Blue,0.5,1.4,56,45,bipedal_tailed,FALSE
445,Garchomp,Dragon,Ground,108,130,95,102,80,85,4,Blue,0.5,1.91,95,45,bipedal_tailed,FALSE
446,Munchlax,Normal,,135,85,40,5,40,85,4,Black,0.875,0.61,105,50,bipedal_tailless,FALSE
447,Riolu,Fighting,,40,70,40,60,35,40,4,Blue,0.875,0.71,20.2,75,bipedal_tailed,FALSE
448,Lucario,Fighting,Steel,70,110,70,90,115,70,4,Blue,0.875,1.19,54,45,bipedal_tailed,FALSE
449,Hippopotas,Ground,,68,72,78,32,38,42,4,Brown,0.5,0.79,49.5,140,quadruped,FALSE
450,Hippowdon,Ground,,108,112,118,47,68,72,4,Brown,0.5,2.01,300,60,quadruped,FALSE
451,Skorupi,Poison,Bug,40,50,90,65,30,55,4,Purple,0.5,0.79,12,120,insectoid,FALSE
452,Drapion,Poison,Dark,70,90,110,95,60,75,4,Purple,0.5,1.3,61.5,45,insectoid,FALSE
453,Croagunk,Poison,Fighting,48,61,40,50,61,40,4,Blue,0.5,0.71,23,140,bipedal_tailless,FALSE
454,Toxicroak,Poison,Fighting,83,106,65,85,86,65,4,Blue,0.5,1.3,44.4,75,bipedal_tailless,FALSE
455,Carnivine,Grass,,74,100,72,46,90,72,4,Green,0.5,1.4,27,200,several_limbs,FALSE
456,Finneon,Water,,49,49,56,66,49,61,4,Blue,0.5,0.41,7,190,with_fins,FALSE
457,Lumineon,Water,,69,69,76,91,69,86,4,Blue,0.5,1.19,24,75,with_fins,FALSE
458,Mantyke,Water,Flying,45,20,50,50,60,120,4,Blue,0.5,0.99,65,25,two_wings,FALSE
459,Snover,Grass,Ice,60,62,50,40,62,60,4,White,0.5,0.99,50.5,120,bipedal_tailed,FALSE
460,Abomasnow,Grass,Ice,90,92,75,60,92,85,4,White,0.5,2.21,135.5,60,bipedal_tailed,FALSE
461,Weavile,Dark,Ice,70,120,65,125,45,85,4,Black,0.5,1.09,34,45,bipedal_tailed,FALSE
462,Magnezone,Electric,Steel,70,70,115,60,130,90,4,Grey,,1.19,180,30,head_arms,FALSE
463,Lickilicky,Normal,,110,85,95,50,80,95,4,Pink,0.5,1.7,140,30,bipedal_tailless,FALSE
464,Rhyperior,Ground,Rock,115,140,130,40,55,55,4,Grey,0.5,2.39,282.8,30,bipedal_tailed,FALSE
465,Tangrowth,Grass,,100,100,125,50,110,50,4,Blue,0.5,2.01,128.6,30,bipedal_tailless,FALSE
466,Electivire,Electric,,75,123,67,95,95,85,4,Yellow,0.75,1.8,138.6,30,bipedal_tailed,FALSE
467,Magmortar,Fire,,75,95,67,83,125,95,4,Red,0.75,1.6,68,30,bipedal_tailed,FALSE
468,Togekiss,Fairy,Flying,85,50,95,80,120,115,4,White,0.875,1.5,38,30,two_wings,FALSE
469,Yanmega,Bug,Flying,86,76,86,95,116,56,4,Green,0.5,1.91,51.5,30,four_wings,FALSE
470,Leafeon,Grass,,65,110,130,95,60,65,4,Green,0.875,0.99,25.5,45,quadruped,FALSE
471,Glaceon,Ice,,65,60,110,65,130,95,4,Blue,0.875,0.79,25.9,45,quadruped,FALSE
472,Gliscor,Ground,Flying,75,95,125,95,45,75,4,Purple,0.5,2.01,42.5,30,two_wings,FALSE
473,Mamoswine,Ice,Ground,110,130,80,80,70,60,4,Brown,0.5,2.49,291,50,quadruped,FALSE
474,Porygon-Z,Normal,,85,80,70,90,135,75,4,Red,,0.89,34,30,head_arms,FALSE
475,Gallade,Psychic,Fighting,68,125,65,80,65,115,4,White,1,1.6,52,45,bipedal_tailless,FALSE
476,Probopass,Rock,Steel,60,55,145,40,75,150,4,Grey,0.5,1.4,340,60,multiple_bodies,FALSE
477,Dusknoir,Ghost,,45,100,135,45,65,135,4,Black,0.5,2.21,106.6,45,head_arms,FALSE
478,Froslass,Ice,Ghost,70,80,70,110,80,70,4,White,0,1.3,26.6,75,head_arms,FALSE
479,Rotom,Electric,Ghost,50,50,77,91,95,77,4,Red,,0.3,0.3,45,head_only,FALSE
480,Uxie,Psychic,,75,75,130,95,75,130,4,Yellow,,0.3,0.3,3,bipedal_tailed,TRUE
481,Mesprit,Psychic,,80,105,105,80,105,105,4,Pink,,0.3,0.3,3,bipedal_tailed,TRUE
482,Azelf,Psychic,,75,125,70,115,125,70,4,Blue,,0.3,0.3,3,bipedal_tailed,TRUE
483,Dialga,Steel,Dragon,100,120,120,90,150,100,4,White,,5.41,683,3,quadruped,TRUE
484,Palkia,Water,Dragon,90,120,100,100,150,120,4,Purple,,4.19,336,3,bipedal_tailed,TRUE
485,Heatran,Fire,Steel,91,90,106,77,130,106,4,Brown,0.5,1.7,430,3,quadruped,TRUE
486,Regigigas,Normal,,110,160,110,100,80,110,4,White,,3.71,420,3,bipedal_tailless,TRUE
487,Giratina,Ghost,Dragon,150,120,100,90,120,100,4,Black,,6.91,650,3,serpentine_body,TRUE
488,Cresselia,Psychic,,120,70,120,85,75,130,4,Yellow,0,1.5,85.6,3,serpentine_body,FALSE
489,Phione,Water,,80,80,80,80,80,80,4,Blue,,0.41,3.1,30,head_arms,FALSE
490,Manaphy,Water,,100,100,100,100,100,100,4,Blue,,0.3,1.4,3,bipedal_tailless,FALSE
491,Darkrai,Dark,,70,90,90,125,135,90,4,Black,,1.5,50.5,3,bipedal_tailless,TRUE
492,Shaymin,Grass,,100,100,100,100,100,100,4,Green,,0.2,2.1,45,quadruped,TRUE
493,Arceus,Normal,,120,120,120,120,120,120,4,Grey,,3.2,320,3,quadruped,TRUE
494,Victini,Psychic,Fire,100,100,100,100,100,100,5,Yellow,,0.41,4,3,bipedal_tailless,TRUE
495,Snivy,Grass,,45,45,55,63,45,55,5,Green,0.875,0.61,8.1,45,bipedal_tailed,FALSE
496,Servine,Grass,,60,60,75,83,60,75,5,Green,0.875,0.79,16,45,bipedal_tailed,FALSE
497,Serperior,Grass,,75,75,95,113,75,95,5,Green,0.875,3.3,63,45,serpentine_body,FALSE
498,Tepig,Fire,,65,63,45,45,45,45,5,Red,0.875,0.51,9.9,45,quadruped,FALSE
499,Pignite,Fire,Fighting,90,93,55,55,70,55,5,Red,0.875,0.99,55.5,45,bipedal_tailed,FALSE
500,Emboar,Fire,Fighting,110,123,65,65,100,65,5,Red,0.875,1.6,150,45,bipedal_tailed,FALSE
501,Oshawott,Water,,55,55,45,45,63,45,5,Blue,0.875,0.51,5.9,45,bipedal_tailed,FALSE
502,Dewott,Water,,75,75,60,60,83,60,5,Blue,0.875,0.79,24.5,45,bipedal_tailed,FALSE
503,Samurott,Water,,95,100,85,70,108,70,5,Blue,0.875,1.5,94.6,45,quadruped,FALSE
504,Patrat,Normal,,45,55,39,42,35,39,5,Brown,0.5,0.51,11.6,255,quadruped,FALSE
505,Watchog,Normal,,60,85,69,77,60,69,5,Brown,0.5,1.09,27,255,bipedal_tailed,FALSE
506,Lillipup,Normal,,45,60,45,55,25,45,5,Brown,0.5,0.41,4.1,255,quadruped,FALSE
507,Herdier,Normal,,65,80,65,60,35,65,5,Grey,0.5,0.89,14.7,120,quadruped,FALSE
508,Stoutland,Normal,,85,110,90,80,45,90,5,Grey,0.5,1.19,61,45,quadruped,FALSE
509,Purrloin,Dark,,41,50,37,66,50,37,5,Purple,0.5,0.41,10.1,255,quadruped,FALSE
510,Liepard,Dark,,64,88,50,106,88,50,5,Purple,0.5,1.09,37.5,90,quadruped,FALSE
511,Pansage,Grass,,50,53,48,64,53,48,5,Green,0.875,0.61,10.5,190,bipedal_tailed,FALSE
512,Simisage,Grass,,75,98,63,101,98,63,5,Green,0.875,1.09,30.5,75,bipedal_tailed,FALSE
513,Pansear,Fire,,50,53,48,64,53,48,5,Red,0.875,0.61,11,190,bipedal_tailed,FALSE
514,Simisear,Fire,,75,98,63,101,98,63,5,Red,0.875,0.99,28,75,bipedal_tailed,FALSE
515,Panpour,Water,,50,53,48,64,53,48,5,Blue,0.875,0.61,13.5,190,bipedal_tailed,FALSE
516,Simipour,Water,,75,98,63,101,98,63,5,Blue,0.875,0.99,29,75,bipedal_tailed,FALSE
517,Munna,Psychic,,76,25,45,24,67,55,5,Pink,0.5,0.61,23.3,190,quadruped,FALSE
518,Musharna,Psychic,,116,55,85,29,107,95,5,Pink,0.5,1.09,60.5,75,bipedal_tailless,FALSE
519,Pidove,Normal,Flying,50,55,50,43,36,30,5,Grey,0.5,0.3,2.1,255,two_wings,FALSE
520,Tranquill,Normal,Flying,62,77,62,65,50,42,5,Grey,0.5,0.61,15,120,two_wings,FALSE
521,Unfezant,Normal,Flying,80,115,80,93,65,55,5,Grey,0.5,1.19,29,45,two_wings,FALSE
522,Blitzle,Electric,,45,60,32,76,50,32,5,Black,0.5,0.79,29.8,190,quadruped,FALSE
523,Zebstrika,Electric,,75,100,63,116,80,63,5,Black,0.5,1.6,79.5,75,quadruped,FALSE
524,Roggenrola,Rock,,55,75,85,15,25,25,5,Blue,0.5,0.41,18,255,head_legs,FALSE
525,Boldore,Rock,,70,105,105,20,50,40,5,Blue,0.5,0.89,102,120,several_limbs,FALSE
526,Gigalith,Rock,,85,135,130,25,60,80,5,Blue,0.5,1.7,260,45,several_limbs,FALSE
527,Woobat,Psychic,Flying,55,45,43,72,55,43,5,Blue,0.5,0.41,2.1,190,two_wings,FALSE
528,Swoobat,Psychic,Flying,67,57,55,114,77,55,5,Blue,0.5,0.89,10.5,45,two_wings,FALSE
529,Drilbur,Ground,,60,85,40,68,30,45,5,Grey,0.5,0.3,8.5,120,bipedal_tailed,FALSE
530,Excadrill,Ground,Steel,110,135,60,88,50,65,5,Grey,0.5,0.71,40.4,60,bipedal_tailless,FALSE
531,Audino,Normal,,103,60,86,50,60,86,5,Pink,0.5,1.09,31,255,bipedal_tailed,FALSE
532,Timburr,Fighting,,75,80,55,35,25,35,5,Grey,0.75,0.61,12.5,180,bipedal_tailless,FALSE
533,Gurdurr,Fighting,,85,105,85,40,40,50,5,Grey,0.75,1.19,40,90,bipedal_tailless,FALSE
534,Conkeldurr,Fighting,,105,140,95,45,55,65,5,Grey,0.75,1.4,87,45,bipedal_tailless,FALSE
535,Tympole,Water,,50,50,40,64,50,40,5,Blue,0.5,0.51,4.5,255,with_fins,FALSE
536,Palpitoad,Water,Ground,75,65,55,69,65,55,5,Blue,0.5,0.79,17,120,bipedal_tailed,FALSE
537,Seismitoad,Water,Ground,105,95,75,74,85,75,5,Blue,0.5,1.5,62,45,bipedal_tailless,FALSE
538,Throh,Fighting,,120,100,85,45,30,85,5,Red,1,1.3,55.5,45,bipedal_tailless,FALSE
539,Sawk,Fighting,,75,125,75,85,30,75,5,Blue,1,1.4,51,45,bipedal_tailless,FALSE
540,Sewaddle,Bug,Grass,45,53,70,42,40,60,5,Yellow,0.5,0.3,2.5,255,insectoid,FALSE
541,Swadloon,Bug,Grass,55,63,90,42,50,80,5,Green,0.5,0.51,7.3,120,head_arms,FALSE
542,Leavanny,Bug,Grass,75,103,80,92,70,80,5,Yellow,0.5,1.19,20.5,45,bipedal_tailless,FALSE
543,Venipede,Bug,Poison,30,45,59,57,30,39,5,Red,0.5,0.41,5.3,255,insectoid,FALSE
544,Whirlipede,Bug,Poison,40,55,99,47,40,79,5,Grey,0.5,1.19,58.5,120,head_only,FALSE
545,Scolipede,Bug,Poison,60,100,89,112,55,69,5,Red,0.5,2.49,200.5,45,insectoid,FALSE
546,Cottonee,Grass,Fairy,40,27,60,66,37,50,5,Green,0.5,0.3,0.6,190,head_only,FALSE
547,Whimsicott,Grass,Fairy,60,67,85,116,77,75,5,Green,0.5,0.71,6.6,75,bipedal_tailless,FALSE
548,Petilil,Grass,,45,35,50,30,70,50,5,Green,0,0.51,6.6,190,head_base,FALSE
549,Lilligant,Grass,,70,60,75,90,110,75,5,Green,0,1.09,16.3,75,head_base,FALSE
550,Basculin,Water,,70,92,65,98,80,55,5,Green,0.5,0.99,18,25,with_fins,FALSE
551,Sandile,Ground,Dark,50,72,35,65,35,35,5,Brown,0.5,0.71,15.2,180,quadruped,FALSE
552,Krokorok,Ground,Dark,60,82,45,74,45,45,5,Brown,0.5,0.99,33.4,90,quadruped,FALSE
553,Krookodile,Ground,Dark,95,117,80,92,65,70,5,Red,0.5,1.5,96.3,45,bipedal_tailed,FALSE
554,Darumaka,Fire,,70,90,45,50,15,45,5,Red,0.5,0.61,37.5,120,bipedal_tailless,FALSE
555,Darmanitan,Fire,,105,140,55,95,30,55,5,Red,0.5,1.3,92.9,60,quadruped,FALSE
556,Maractus,Grass,,75,86,67,60,106,67,5,Green,0.5,0.99,28,255,head_base,FALSE
557,Dwebble,Bug,Rock,50,65,85,55,35,35,5,Red,0.5,0.3,14.5,190,insectoid,FALSE
558,Crustle,Bug,Rock,70,95,125,45,65,75,5,Red,0.5,1.4,200,75,insectoid,FALSE
559,Scraggy,Dark,Fighting,50,75,70,48,35,70,5,Yellow,0.5,0.61,11.8,180,bipedal_tailed,FALSE
560,Scrafty,Dark,Fighting,65,90,115,58,45,115,5,Red,0.5,1.09,30,90,bipedal_tailed,FALSE
561,Sigilyph,Psychic,Flying,72,58,80,97,103,80,5,Black,0.5,1.4,14,45,two_wings,FALSE
562,Yamask,Ghost,,38,30,85,30,55,65,5,Black,0.5,0.51,1.5,190,head_arms,FALSE
563,Cofagrigus,Ghost,,58,50,145,30,95,105,5,Yellow,0.5,1.7,76.5,90,head_base,FALSE
564,Tirtouga,Water,Rock,54,78,103,22,53,45,5,Blue,0.875,0.71,16.5,45,quadruped,FALSE
565,Carracosta,Water,Rock,74,108,133,32,83,65,5,Blue,0.875,1.19,81,45,bipedal_tailed,FALSE
566,Archen,Rock,Flying,55,112,45,70,74,45,5,Yellow,0.875,0.51,9.5,45,two_wings,FALSE
567,Archeops,Rock,Flying,75,140,65,110,112,65,5,Yellow,0.875,1.4,32,45,two_wings,FALSE
568,Trubbish,Poison,,50,50,62,65,40,62,5,Green,0.5,0.61,31,190,bipedal_tailless,FALSE
569,Garbodor,Poison,,80,95,82,75,60,82,5,Green,0.5,1.91,107.3,60,bipedal_tailless,FALSE
570,Zorua,Dark,,40,65,40,65,80,40,5,Grey,0.875,0.71,12.5,75,quadruped,FALSE
571,Zoroark,Dark,,60,105,60,105,120,60,5,Grey,0.875,1.6,81.1,45,bipedal_tailed,FALSE
572,Minccino,Normal,,55,50,40,75,40,40,5,Grey,0.25,0.41,5.8,255,quadruped,FALSE
573,Cinccino,Normal,,75,95,60,115,65,60,5,Grey,0.25,0.51,7.5,60,quadruped,FALSE
574,Gothita,Psychic,,45,30,50,45,55,65,5,Purple,0.25,0.41,5.8,200,bipedal_tailless,FALSE
575,Gothorita,Psychic,,60,45,70,55,75,85,5,Purple,0.25,0.71,18,100,bipedal_tailless,FALSE
576,Gothitelle,Psychic,,70,55,95,65,95,110,5,Purple,0.25,1.5,44,50,bipedal_tailless,FALSE
577,Solosis,Psychic,,45,30,40,20,105,50,5,Green,0.5,0.3,1,200,head_only,FALSE
578,Duosion,Psychic,,65,40,50,30,125,60,5,Green,0.5,0.61,8,100,head_only,FALSE
579,Reuniclus,Psychic,,110,65,75,30,125,85,5,Green,0.5,0.99,20.1,50,head_arms,FALSE
580,Ducklett,Water,Flying,62,44,50,55,44,50,5,Blue,0.5,0.51,5.5,190,two_wings,FALSE
581,Swanna,Water,Flying,75,87,63,98,87,63,5,White,0.5,1.3,24.2,45,two_wings,FALSE
582,Vanillite,Ice,,36,50,50,44,65,60,5,White,0.5,0.41,5.7,255,head_base,FALSE
583,Vanillish,Ice,,51,65,65,59,80,75,5,White,0.5,1.09,41,120,head_base,FALSE
584,Vanilluxe,Ice,,71,95,85,79,110,95,5,White,0.5,1.3,57.5,45,multiple_bodies,FALSE
585,Deerling,Normal,Grass,60,60,50,75,40,50,5,Yellow,0.5,0.61,19.5,190,quadruped,FALSE
586,Sawsbuck,Normal,Grass,80,100,70,95,60,70,5,Brown,0.5,1.91,92.5,75,quadruped,FALSE
587,Emolga,Electric,Flying,55,75,60,103,75,60,5,White,0.5,0.41,5,200,quadruped,FALSE
588,Karrablast,Bug,,50,75,45,60,40,45,5,Blue,0.5,0.51,5.9,200,bipedal_tailless,FALSE
589,Escavalier,Bug,Steel,70,135,105,20,60,105,5,Grey,0.5,0.99,33,75,head_arms,FALSE
590,Foongus,Grass,Poison,69,55,45,15,55,55,5,White,0.5,0.2,1,190,head_arms,FALSE
591,Amoonguss,Grass,Poison,114,85,70,30,85,80,5,Grey,0.5,0.61,10.5,75,head_arms,FALSE
592,Frillish,Water,Ghost,55,40,50,40,65,85,5,White,0.5,1.19,33,190,several_limbs,FALSE
593,Jellicent,Water,Ghost,100,60,70,60,85,105,5,White,0.5,2.21,135,60,several_limbs,FALSE
594,Alomomola,Water,,165,75,80,65,40,45,5,Pink,0.5,1.19,31.6,75,with_fins,FALSE
595,Joltik,Bug,Electric,50,47,50,65,57,50,5,Yellow,0.5,0.1,0.6,190,insectoid,FALSE
596,Galvantula,Bug,Electric,70,77,60,108,97,60,5,Yellow,0.5,0.79,14.3,75,insectoid,FALSE
597,Ferroseed,Grass,Steel,44,50,91,10,24,86,5,Grey,0.5,0.61,18.8,255,head_only,FALSE
598,Ferrothorn,Grass,Steel,74,94,131,20,54,116,5,Grey,0.5,0.99,110,90,several_limbs,FALSE
599,Klink,Steel,,40,55,70,30,45,60,5,Grey,,0.3,21,130,multiple_bodies,FALSE
600,Klang,Steel,,60,80,95,50,70,85,5,Grey,,0.61,51,60,multiple_bodies,FALSE
601,Klinklang,Steel,,60,100,115,90,70,85,5,Grey,,0.61,81,30,multiple_bodies,FALSE
602,Tynamo,Electric,,35,55,40,60,45,40,5,White,0.5,0.2,0.3,190,with_fins,FALSE
603,Eelektrik,Electric,,65,85,70,40,75,70,5,Blue,0.5,1.19,22,60,with_fins,FALSE
604,Eelektross,Electric,,85,115,80,50,105,80,5,Blue,0.5,2.11,80.5,30,with_fins,FALSE
605,Elgyem,Psychic,,55,55,55,30,85,55,5,Grey,0.5,0.51,9,255,bipedal_tailed,FALSE
606,Beheeyem,Psychic,,75,75,75,40,125,95,5,Brown,0.5,0.99,34.5,90,bipedal_tailless,FALSE
607,Litwick,Ghost,Fire,50,30,55,20,65,55,5,White,0.5,0.3,3.1,190,head_base,FALSE
608,Lampent,Ghost,Fire,60,40,60,55,95,60,5,Black,0.5,0.61,13,90,head_arms,FALSE
609,Chandelure,Ghost,Fire,60,55,90,80,145,90,5,Black,0.5,0.99,34.3,45,head_arms,FALSE
610,Axew,Dragon,,46,87,60,57,30,40,5,Green,0.5,0.61,18,75,bipedal_tailed,FALSE
611,Fraxure,Dragon,,66,117,70,67,40,50,5,Green,0.5,0.99,36,60,bipedal_tailed,FALSE
612,Haxorus,Dragon,,76,147,90,97,60,70,5,Yellow,0.5,1.8,105.5,45,bipedal_tailed,FALSE
613,Cubchoo,Ice,,55,70,40,40,60,40,5,Blue,0.5,0.51,8.5,120,bipedal_tailed,FALSE
614,Beartic,Ice,,95,110,80,50,70,80,5,White,0.5,2.59,260,60,quadruped,FALSE
615,Cryogonal,Ice,,70,50,30,105,95,135,5,Blue,,1.09,148,25,head_only,FALSE
616,Shelmet,Bug,,50,40,85,25,40,65,5,Red,0.5,0.41,7.7,200,head_only,FALSE
617,Accelgor,Bug,,80,70,40,145,100,60,5,Red,0.5,0.79,25.3,75,head_arms,FALSE
618,Stunfisk,Ground,Electric,109,66,84,32,81,99,5,Brown,0.5,0.71,11,75,with_fins,FALSE
619,Mienfoo,Fighting,,45,85,50,65,55,50,5,Yellow,0.5,0.89,20,180,bipedal_tailed,FALSE
620,Mienshao,Fighting,,65,125,60,105,95,60,5,Purple,0.5,1.4,35.5,45,bipedal_tailed,FALSE
621,Druddigon,Dragon,,77,120,90,48,60,90,5,Red,0.5,1.6,139,45,bipedal_tailed,FALSE
622,Golett,Ground,Ghost,59,74,50,35,35,50,5,Green,,0.99,92,190,bipedal_tailless,FALSE
623,Golurk,Ground,Ghost,89,124,80,55,55,80,5,Green,,2.79,330,90,bipedal_tailless,FALSE
624,Pawniard,Dark,Steel,45,85,70,60,40,40,5,Red,0.5,0.51,10.2,120,bipedal_tailless,FALSE
625,Bisharp,Dark,Steel,65,125,100,70,60,70,5,Red,0.5,1.6,70,45,bipedal_tailless,FALSE
626,Bouffalant,Normal,,95,110,95,55,40,95,5,Brown,0.5,1.6,94.6,45,quadruped,FALSE
627,Rufflet,Normal,Flying,70,83,50,60,37,50,5,White,1,0.51,10.5,190,two_wings,FALSE
628,Braviary,Normal,Flying,100,123,75,80,57,75,5,Red,1,1.5,41,60,two_wings,FALSE
629,Vullaby,Dark,Flying,70,55,75,60,45,65,5,Brown,0,0.51,9,190,two_wings,FALSE
630,Mandibuzz,Dark,Flying,110,65,105,80,55,95,5,Brown,0,1.19,39.5,60,two_wings,FALSE
631,Heatmor,Fire,,85,97,66,65,105,66,5,Red,0.5,1.4,58,90,bipedal_tailed,FALSE
632,Durant,Bug,Steel,58,109,112,109,48,48,5,Grey,0.5,0.3,33,90,insectoid,FALSE
633,Deino,Dark,Dragon,52,65,50,38,45,50,5,Blue,0.5,0.79,17.3,45,quadruped,FALSE
634,Zweilous,Dark,Dragon,72,85,70,58,65,70,5,Blue,0.5,1.4,50,45,quadruped,FALSE
635,Hydreigon,Dark,Dragon,92,105,90,98,125,90,5,Blue,0.5,1.8,160,45,bipedal_tailed,FALSE
636,Larvesta,Bug,Fire,55,85,55,60,50,55,5,White,0.5,1.09,28.8,45,insectoid,FALSE
637,Volcarona,Bug,Fire,85,60,65,100,135,105,5,White,0.5,1.6,46,15,four_wings,FALSE
638,Cobalion,Steel,Fighting,91,90,129,108,90,72,5,Blue,,2.11,250,3,quadruped,TRUE
639,Terrakion,Rock,Fighting,91,129,90,108,72,90,5,Grey,,1.91,260,3,quadruped,TRUE
640,Virizion,Grass,Fighting,91,90,72,108,90,129,5,Green,,2.01,200,3,quadruped,TRUE
641,Tornadus,Flying,,79,115,70,111,125,80,5,Green,1,1.5,63,3,head_arms,TRUE
642,Thundurus,Electric,Flying,79,115,70,111,125,80,5,Blue,1,1.5,61,3,head_arms,TRUE
643,Reshiram,Dragon,Fire,100,120,100,90,150,120,5,White,,3.2,330,3,two_wings,TRUE
644,Zekrom,Dragon,Electric,100,150,120,90,120,100,5,Black,,2.9,345,3,bipedal_tailed,TRUE
645,Landorus,Ground,Flying,89,125,90,101,115,80,5,Brown,1,1.5,68,3,head_arms,TRUE
646,Kyurem,Dragon,Ice,125,130,90,95,130,90,5,Grey,,3,325,3,bipedal_tailed,TRUE
647,Keldeo,Water,Fighting,91,72,90,108,129,90,5,Yellow,,1.4,48.5,3,quadruped,FALSE
648,Meloetta,Normal,Psychic,100,77,77,90,128,128,5,White,,0.61,6.5,3,bipedal_tailless,FALSE
649,Genesect,Bug,Steel,71,120,95,99,120,95,5,Purple,,1.5,82.5,3,bipedal_tailless,FALSE
650,Chespin,Grass,,56,61,65,38,48,45,6,Green,0.875,0.41,9,45,bipedal_tailed,FALSE
651,Quilladin,Grass,,61,78,95,57,56,58,6,Green,0.875,0.71,29,45,bipedal_tailed,FALSE
652,Chesnaught,Grass,Fighting,88,107,122,64,74,75,6,Green,0.875,1.6,90,45,bipedal_tailed,FALSE
653,Fennekin,Fire,,40,45,40,60,62,60,6,Red,0.875,0.41,9.4,45,quadruped,FALSE
654,Braixen,Fire,,59,59,58,73,90,70,6,Red,0.875,0.99,14.5,45,bipedal_tailed,FALSE
655,Delphox,Fire,Psychic,75,69,72,104,114,100,6,Red,0.875,1.5,39,45,bipedal_tailed,FALSE
656,Froakie,Water,,41,56,40,71,62,44,6,Blue,0.875,0.3,7,45,quadruped,FALSE
657,Frogadier,Water,,54,63,52,97,83,56,6,Blue,0.875,0.61,10.9,45,bipedal_tailless,FALSE
658,Greninja,Water,Dark,72,95,67,122,103,71,6,Blue,0.875,1.5,40,45,bipedal_tailless,FALSE
659,Bunnelby,Normal,,38,36,38,57,32,36,6,Brown,0.5,0.41,5,255,bipedal_tailed,FALSE
660,Diggersby,Normal,Ground,85,56,77,78,50,77,6,Brown,0.5,0.99,42.4,127,bipedal_tailed,FALSE
661,Fletchling,Normal,Flying,45,50,43,62,40,38,6,Red,0.5,0.3,1.7,255,two_wings,FALSE
662,Fletchinder,Fire,Flying,62,73,55,84,56,52,6,Red,0.5,0.71,16,120,two_wings,FALSE
663,Talonflame,Fire,Flying,78,81,71,126,74,69,6,Red,0.5,1.19,24.5,45,two_wings,FALSE
664,Scatterbug,Bug,,38,35,40,35,27,25,6,Black,0.5,0.3,2.5,255,insectoid,FALSE
665,Spewpa,Bug,,45,22,60,29,27,30,6,Black,0.5,0.3,8.4,120,head_base,FALSE
666,Vivillon,Bug,Flying,80,52,50,89,90,50,6,Black,0.5,1.19,17,45,four_wings,FALSE
667,Litleo,Fire,Normal,62,50,58,72,73,54,6,Brown,0.125,0.61,13.5,220,quadruped,FALSE
668,Pyroar,Fire,Normal,86,68,72,106,109,66,6,Brown,0.125,1.5,81.5,65,quadruped,FALSE
669,Flabébé,Fairy,,44,38,39,42,61,79,6,White,0,0.1,0.1,225,head_arms,FALSE
670,Floette,Fairy,,54,45,47,52,75,98,6,White,0,0.2,0.9,120,head_arms,FALSE
671,Florges,Fairy,,78,65,68,75,112,154,6,White,0,1.09,10,45,head_arms,FALSE
672,Skiddo,Grass,,66,65,48,52,62,57,6,Brown,0.5,0.89,31,200,quadruped,FALSE
673,Gogoat,Grass,,123,100,62,68,97,81,6,Brown,0.5,1.7,91,45,quadruped,FALSE
674,Pancham,Fighting,,67,82,62,43,46,48,6,White,0.5,0.61,8,220,bipedal_tailed,FALSE
675,Pangoro,Fighting,Dark,95,124,78,58,69,71,6,White,0.5,2.11,136,65,bipedal_tailless,FALSE
676,Furfrou,Normal,,75,80,60,102,65,90,6,White,0.5,1.19,28,160,quadruped,FALSE
677,Espurr,Psychic,,62,48,54,68,63,60,6,Grey,0.5,0.3,3.5,190,bipedal_tailed,FALSE
678,Meowstic,Psychic,,74,48,76,104,83,81,6,White,0.5,0.61,8.5,75,bipedal_tailed,FALSE
679,Honedge,Steel,Ghost,45,80,100,28,35,37,6,Brown,0.5,0.79,2,180,head_base,FALSE
680,Doublade,Steel,Ghost,59,110,150,35,45,49,6,Brown,0.5,0.84,4.5,90,multiple_bodies,FALSE
681,Aegislash,Steel,Ghost,60,50,150,60,50,150,6,Brown,0.5,1.7,53,45,head_base,FALSE
682,Spritzee,Fairy,,78,52,60,23,63,65,6,Pink,0.5,0.2,0.5,200,head_arms,FALSE
683,Aromatisse,Fairy,,101,72,72,29,99,89,6,Pink,0.5,0.79,15.5,140,bipedal_tailless,FALSE
684,Swirlix,Fairy,,62,48,66,49,59,57,6,White,0.5,0.41,3.5,200,head_legs,FALSE
685,Slurpuff,Fairy,,82,80,86,72,85,75,6,White,0.5,0.79,5,140,bipedal_tailless,FALSE
686,Inkay,Dark,Psychic,53,54,53,45,37,46,6,Blue,0.5,0.41,3.5,190,several_limbs,FALSE
687,Malamar,Dark,Psychic,86,92,88,73,68,75,6,Blue,0.5,1.5,47,80,head_base,FALSE
688,Binacle,Rock,Water,42,52,67,50,39,56,6,Brown,0.5,0.51,31,120,multiple_bodies,FALSE
689,Barbaracle,Rock,Water,72,105,115,68,54,86,6,Brown,0.5,1.3,96,45,multiple_bodies,FALSE
690,Skrelp,Poison,Water,50,60,60,30,60,60,6,Brown,0.5,0.51,7.3,225,head_base,FALSE
691,Dragalge,Poison,Dragon,65,75,90,44,97,123,6,Brown,0.5,1.8,81.5,55,head_base,FALSE
692,Clauncher,Water,,50,53,62,44,58,63,6,Blue,0.5,0.51,8.3,225,insectoid,FALSE
693,Clawitzer,Water,,71,73,88,59,120,89,6,Blue,0.5,1.3,35.3,55,serpentine_body,FALSE
694,Helioptile,Electric,Normal,44,38,33,70,61,43,6,Yellow,0.5,0.51,6,190,bipedal_tailed,FALSE
695,Heliolisk,Electric,Normal,62,55,52,109,109,94,6,Yellow,0.5,0.99,21,75,bipedal_tailed,FALSE
696,Tyrunt,Rock,Dragon,58,89,77,48,45,45,6,Brown,0.875,0.79,26,45,bipedal_tailed,FALSE
697,Tyrantrum,Rock,Dragon,82,121,119,71,69,59,6,Red,0.875,2.49,270,45,bipedal_tailed,FALSE
698,Amaura,Rock,Ice,77,59,50,46,67,63,6,Blue,0.875,1.3,25.2,45,quadruped,FALSE
699,Aurorus,Rock,Ice,123,77,72,58,99,92,6,Blue,0.875,2.69,225,45,quadruped,FALSE
700,Sylveon,Fairy,,95,65,65,60,110,130,6,Pink,0.875,0.99,23.5,45,quadruped,FALSE
701,Hawlucha,Fighting,Flying,78,92,75,118,74,63,6,Green,0.5,0.79,21.5,100,bipedal_tailless,FALSE
702,Dedenne,Electric,Fairy,67,58,57,101,81,67,6,Yellow,0.5,0.2,2.2,180,bipedal_tailed,FALSE
703,Carbink,Rock,Fairy,50,50,150,50,50,150,6,Grey,,0.3,5.7,60,head_only,FALSE
704,Goomy,Dragon,,45,50,35,40,55,75,6,Purple,0.5,0.3,2.8,45,serpentine_body,FALSE
705,Sliggoo,Dragon,,68,75,53,60,83,113,6,Purple,0.5,0.79,17.5,45,serpentine_body,FALSE
706,Goodra,Dragon,,90,100,70,80,110,150,6,Purple,0.5,2.01,150.5,45,bipedal_tailed,FALSE
707,Klefki,Steel,Fairy,57,80,91,75,80,87,6,Grey,0.5,0.2,3,75,head_only,FALSE
708,Phantump,Ghost,Grass,43,70,48,38,50,60,6,Brown,0.5,0.41,7,120,head_arms,FALSE
709,Trevenant,Ghost,Grass,85,110,76,56,65,82,6,Brown,0.5,1.5,71,60,several_limbs,FALSE
710,Pumpkaboo,Ghost,Grass,49,66,70,51,44,55,6,Brown,0.5,0.41,5,120,head_only,FALSE
711,Gourgeist,Ghost,Grass,65,90,122,84,58,75,6,Brown,0.5,1.7,39,60,head_base,FALSE
712,Bergmite,Ice,,55,69,85,28,32,35,6,Blue,0.5,0.99,99.5,190,quadruped,FALSE
713,Avalugg,Ice,,95,117,184,28,44,46,6,Blue,0.5,2.01,505,55,quadruped,FALSE
714,Noibat,Flying,Dragon,40,30,35,55,45,40,6,Purple,0.5,0.51,8,190,two_wings,FALSE
715,Noivern,Flying,Dragon,85,70,80,123,97,80,6,Purple,0.5,1.5,85,45,two_wings,FALSE
716,Xerneas,Fairy,,126,131,95,99,131,98,6,Blue,,3,215,45,quadruped,TRUE
717,Yveltal,Dark,Flying,126,131,95,99,131,98,6,Red,,5.79,203,45,two_wings,TRUE
718,Zygarde,Dragon,Ground,108,100,121,95,81,95,6,Green,,5,305,3,serpentine_body,TRUE
719,Diancie,Rock,Fairy,50,100,150,50,100,150,6,Pink,,0.71,8.8,3,head_arms,TRUE
720,Hoopa,Psychic,Ghost,80,110,60,70,150,130,6,Purple,,0.51,9,3,head_only,TRUE
721,Volcanion,Fire,Water,80,110,120,70,130,90,6,Brown,,1.7,195,3,quadruped,TRUE