Number,Name,Type_1,Type_2,Total,HP,Attack,Defense,Speed,Generation,isLegendary,Color,Pr_Male,Height_m,Weight_kg
1,Bulbasaur,Grass,Poison,318,45,49,49,45,1,FALSE,Green,0.875,0.71,6.9
2,Ivysaur,Grass,Poison,405,60,62,63,60,1,FALSE,Green,0.875,0.99,13
3,Venusaur,Grass,Poison,525,80,82,83,80,1,FALSE,Green,0.875,2.01,100
4,Charmander,Fire,,309,39,52,43,65,1,FALSE,Red,0.875,0.61,8.5
5,Charmeleon,Fire,,405,58,64,58,80,1,FALSE,Red,0.875,1.09,19
6,Charizard,Fire,Flying,534,78,84,78,100,1,FALSE,Red,0.875,1.7,90.5
7,Squirtle,Water,,314,44,48,65,43,1,FALSE,Blue,0.875,0.51,9
8,Wartortle,Water,,405,59,63,80,58,1,FALSE,Blue,0.875,0.99,22.5
9,Blastoise,Water,,530,79,83,100,78,1,FALSE,Blue,0.875,1.6,85.5
10,Caterpie,Bug,,195,45,30,35,45,1,FALSE,Green,0.5,0.3,2.9
11,Metapod,Bug,,205,50,20,55,30,1,FALSE,Green,0.5,0.71,9.9
12,Butterfree,Bug,Flying,395,60,45,50,70,1,FALSE,White,0.5,1.09,32
13,Weedle,Bug,Poison,195,40,35,30,50,1,FALSE,Brown,0.5,0.3,3.2
14,Kakuna,Bug,Poison,205,45,25,50,35,1,FALSE,Yellow,0.5,0.61,10
15,Beedrill,Bug,Poison,395,65,90,40,75,1,FALSE,Yellow,0.5,0.99,29.5
16,Pidgey,Normal,Flying,251,40,45,40,56,1,FALSE,Brown,0.5,0.3,1.8
17,Pidgeotto,Normal,Flying,349,63,60,55,71,1,FALSE,Brown,0.5,1.09,30
18,Pidgeot,Normal,Flying,479,83,80,75,101,1,FALSE,Brown,0.5,1.5,39.5
19,Rattata,Normal,,253,30,56,35,72,1,FALSE,Purple,0.5,0.3,3.5
20,Raticate,Normal,,413,55,81,60,97,1,FALSE,Brown,0.5,0.71,18.5
21,Spearow,Normal,Flying,262,40,60,30,70,1,FALSE,Brown,0.5,0.3,2
22,Fearow,Normal,Flying,442,65,90,65,100,1,FALSE,Brown,0.5,1.19,38
23,Ekans,Poison,,288,35,60,44,55,1,FALSE,Purple,0.5,2.01,6.9
24,Arbok,Poison,,438,60,85,69,80,1,FALSE,Purple,0.5,3.51,65
25,Pikachu,Electric,,320,35,55,40,90,1,FALSE,Yellow,0.5,0.41,6
26,Raichu,Electric,,485,60,90,55,110,1,FALSE,Yellow,0.5,0.79,30
27,Sandshrew,Ground,,300,50,75,85,40,1,FALSE,Yellow,0.5,0.61,12
28,Sandslash,Ground,,450,75,100,110,65,1,FALSE,Yellow,0.5,0.99,29.5
29,Nidoran_female,Poison,,275,55,47,52,41,1,FALSE,Blue,0,0.41,7
30,Nidorina,Poison,,365,70,62,67,56,1,FALSE,Blue,0,0.79,20
31,Nidoqueen,Poison,Ground,505,90,92,87,76,1,FALSE,Blue,0,1.3,60
32,Nidoran_male,Poison,,273,46,57,40,50,1,FALSE,Purple,1,0.51,9
33,Nidorino,Poison,,365,61,72,57,65,1,FALSE,Purple,1,0.89,19.5
34,Nidoking,Poison,Ground,505,81,102,77,85,1,FALSE,Purple,1,1.4,62
35,Clefairy,Fairy,,323,70,45,48,35,1,FALSE,Pink,0.25,0.61,7.5
36,Clefable,Fairy,,483,95,70,73,60,1,FALSE,Pink,0.25,1.3,40
37,Vulpix,Fire,,299,38,41,40,65,1,FALSE,Brown,0.25,0.61,9.9
38,Ninetales,Fire,,505,73,76,75,100,1,FALSE,Yellow,0.25,1.09,19.9
39,Jigglypuff,Normal,Fairy,270,115,45,20,20,1,FALSE,Pink,0.25,0.51,5.5
40,Wigglytuff,Normal,Fairy,435,140,70,45,45,1,FALSE,Pink,0.25,0.99,12
41,Zubat,Poison,Flying,245,40,45,35,55,1,FALSE,Purple,0.5,0.79,7.5
42,Golbat,Poison,Flying,455,75,80,70,90,1,FALSE,Purple,0.5,1.6,55
43,Oddish,Grass,Poison,320,45,50,55,30,1,FALSE,Blue,0.5,0.51,5.4
44,Gloom,Grass,Poison,395,60,65,70,40,1,FALSE,Blue,0.5,0.79,8.6
45,Vileplume,Grass,Poison,490,75,80,85,50,1,FALSE,Red,0.5,1.19,18.6
46,Paras,Bug,Grass,285,35,70,55,25,1,FALSE,Red,0.5,0.3,5.4
47,Parasect,Bug,Grass,405,60,95,80,30,1,FALSE,Red,0.5,0.99,29.5
48,Venonat,Bug,Poison,305,60,55,50,45,1,FALSE,Purple,0.5,0.99,30
49,Venomoth,Bug,Poison,450,70,65,60,90,1,FALSE,Purple,0.5,1.5,12.5
50,Diglett,Ground,,265,10,55,25,95,1,FALSE,Brown,0.5,0.2,0.8
51,Dugtrio,Ground,,405,35,80,50,120,1,FALSE,Brown,0.5,0.71,33.3
52,Meowth,Normal,,290,40,45,35,90,1,FALSE,Yellow,0.5,0.41,4.2
53,Persian,Normal,,440,65,70,60,115,1,FALSE,Yellow,0.5,0.99,32
54,Psyduck,Water,,320,50,52,48,55,1,FALSE,Yellow,0.5,0.79,19.6
55,Golduck,Water,,500,80,82,78,85,1,FALSE,Blue,0.5,1.7,76.6
56,Mankey,Fighting,,305,40,80,35,70,1,FALSE,Brown,0.5,0.51,28
57,Primeape,Fighting,,455,65,105,60,95,1,FALSE,Brown,0.5,0.99,32
58,Growlithe,Fire,,350,55,70,45,60,1,FALSE,Brown,0.75,0.71,19
59,Arcanine,Fire,,555,90,110,80,95,1,FALSE,Brown,0.75,1.91,155
60,Poliwag,Water,,300,40,50,40,90,1,FALSE,Blue,0.5,0.61,12.4
61,Poliwhirl,Water,,385,65,65,65,90,1,FALSE,Blue,0.5,0.99,20
62,Poliwrath,Water,Fighting,510,90,95,95,70,1,FALSE,Blue,0.5,1.3,54
63,Abra,Psychic,,310,25,20,15,90,1,FALSE,Brown,0.75,0.89,19.5
64,Kadabra,Psychic,,400,40,35,30,105,1,FALSE,Brown,0.75,1.3,56.5
65,Alakazam,Psychic,,500,55,50,45,120,1,FALSE,Brown,0.75,1.5,48
66,Machop,Fighting,,305,70,80,50,35,1,FALSE,Grey,0.75,0.79,19.5
67,Machoke,Fighting,,405,80,100,70,45,1,FALSE,Grey,0.75,1.5,70.5
68,Machamp,Fighting,,505,90,130,80,55,1,FALSE,Grey,0.75,1.6,130
69,Bellsprout,Grass,Poison,300,50,75,35,40,1,FALSE,Green,0.5,0.71,4
70,Weepinbell,Grass,Poison,390,65,90,50,55,1,FALSE,Green,0.5,0.99,6.4
71,Victreebel,Grass,Poison,490,80,105,65,70,1,FALSE,Green,0.5,1.7,15.5
72,Tentacool,Water,Poison,335,40,40,35,70,1,FALSE,Blue,0.5,0.89,45.5
73,Tentacruel,Water,Poison,515,80,70,65,100,1,FALSE,Blue,0.5,1.6,55
74,Geodude,Rock,Ground,300,40,80,100,20,1,FALSE,Brown,0.5,0.41,20
75,Graveler,Rock,Ground,390,55,95,115,35,1,FALSE,Brown,0.5,0.99,105
76,Golem,Rock,Ground,495,80,120,130,45,1,FALSE,Brown,0.5,1.4,300
77,Ponyta,Fire,,410,50,85,55,90,1,FALSE,Yellow,0.5,0.99,30
78,Rapidash,Fire,,500,65,100,70,105,1,FALSE,Yellow,0.5,1.7,95
79,Slowpoke,Water,Psychic,315,90,65,65,15,1,FALSE,Pink,0.5,1.19,36
80,Slowbro,Water,Psychic,490,95,75,110,30,1,FALSE,Pink,0.5,1.6,78.5
81,Magnemite,Electric,Steel,325,25,35,70,45,1,FALSE,Grey,,0.3,6
82,Magneton,Electric,Steel,465,50,60,95,70,1,FALSE,Grey,,0.99,60
83,Farfetch'd,Normal,Flying,352,52,65,55,60,1,FALSE,Brown,0.5,0.79,15
84,Doduo,Normal,Flying,310,35,85,45,75,1,FALSE,Brown,0.5,1.4,39.2
85,Dodrio,Normal,Flying,460,60,110,70,100,1,FALSE,Brown,0.5,1.8,85.2
86,Seel,Water,,325,65,45,55,45,1,FALSE,White,0.5,1.09,90
87,Dewgong,Water,Ice,475,90,70,80,70,1,FALSE,White,0.5,1.7,120
88,Grimer,Poison,,325,80,80,50,25,1,FALSE,Purple,0.5,0.89,30
89,Muk,Poison,,500,105,105,75,50,1,FALSE,Purple,0.5,1.19,30
90,Shellder,Water,,305,30,65,100,40,1,FALSE,Purple,0.5,0.3,4
91,Cloyster,Water,Ice,525,50,95,180,70,1,FALSE,Purple,0.5,1.5,132.5
92,Gastly,Ghost,Poison,310,30,35,30,80,1,FALSE,Purple,0.5,1.3,0.1
93,Haunter,Ghost,Poison,405,45,50,45,95,1,FALSE,Purple,0.5,1.6,0.1
94,Gengar,Ghost,Poison,500,60,65,60,110,1,FALSE,Purple,0.5,1.5,40.5
95,Onix,Rock,Ground,385,35,45,160,70,1,FALSE,Grey,0.5,8.79,210
96,Drowzee,Psychic,,328,60,48,45,42,1,FALSE,Yellow,0.5,0.99,32.4
97,Hypno,Psychic,,483,85,73,70,67,1,FALSE,Yellow,0.5,1.6,75.6
98,Krabby,Water,,325,30,105,90,50,1,FALSE,Red,0.5,0.41,6.5
99,Kingler,Water,,475,55,130,115,75,1,FALSE,Red,0.5,1.3,60
100,Voltorb,Electric,,330,40,30,50,100,1,FALSE,Red,,0.51,10.4
101,Electrode,Electric,,480,60,50,70,140,1,FALSE,Red,,1.19,66.6
102,Exeggcute,Grass,Psychic,325,60,40,80,40,1,FALSE,Pink,0.5,0.41,2.5
103,Exeggutor,Grass,Psychic,520,95,95,85,55,1,FALSE,Yellow,0.5,2.01,120
104,Cubone,Ground,,320,50,50,95,35,1,FALSE,Brown,0.5,0.41,6.5
105,Marowak,Ground,,425,60,80,110,45,1,FALSE,Brown,0.5,0.99,45
106,Hitmonlee,Fighting,,455,50,120,53,87,1,FALSE,Brown,1,1.5,49.8
107,Hitmonchan,Fighting,,455,50,105,79,76,1,FALSE,Brown,1,1.4,50.2
108,Lickitung,Normal,,385,90,55,75,30,1,FALSE,Pink,0.5,1.19,65.5
109,Koffing,Poison,,340,40,65,95,35,1,FALSE,Purple,0.5,0.61,1
110,Weezing,Poison,,490,65,90,120,60,1,FALSE,Purple,0.5,1.19,9.5
111,Rhyhorn,Ground,Rock,345,80,85,95,25,1,FALSE,Grey,0.5,0.99,115
112,Rhydon,Ground,Rock,485,105,130,120,40,1,FALSE,Grey,0.5,1.91,120
113,Chansey,Normal,,450,250,5,5,50,1,FALSE,Pink,0,1.09,34.6
114,Tangela,Grass,,435,65,55,115,60,1,FALSE,Blue,0.5,0.99,35
115,Kangaskhan,Normal,,490,105,95,80,90,1,FALSE,Brown,0,2.21,80
116,Horsea,Water,,295,30,40,70,60,1,FALSE,Blue,0.5,0.41,8
117,Seadra,Water,,440,55,65,95,85,1,FALSE,Blue,0.5,1.19,25
118,Goldeen,Water,,320,45,67,60,63,1,FALSE,Red,0.5,0.61,15
119,Seaking,Water,,450,80,92,65,68,1,FALSE,Red,0.5,1.3,39
120,Staryu,Water,,340,30,45,55,85,1,FALSE,Brown,,0.79,34.5
121,Starmie,Water,Psychic,520,60,75,85,115,1,FALSE,Purple,,1.09,80
122,Mr._Mime,Psychic,Fairy,460,40,45,65,90,1,FALSE,Pink,0.5,1.3,54.5
123,Scyther,Bug,Flying,500,70,110,80,105,1,FALSE,Green,0.5,1.5,56
124,Jynx,Ice,Psychic,455,65,50,35,95,1,FALSE,Red,0,1.4,40.6
125,Electabuzz,Electric,,490,65,83,57,105,1,FALSE,Yellow,0.75,1.09,30
126,Magmar,Fire,,495,65,95,57,93,1,FALSE,Red,0.75,1.3,44.5
127,Pinsir,Bug,,500,65,125,100,85,1,FALSE,Brown,0.5,1.5,55
128,Tauros,Normal,,490,75,100,95,110,1,FALSE,Brown,1,1.4,88.4
129,Magikarp,Water,,200,20,10,55,80,1,FALSE,Red,0.5,0.89,10
130,Gyarados,Water,Flying,540,95,125,79,81,1,FALSE,Blue,0.5,6.5,235
131,Lapras,Water,Ice,535,130,85,80,60,1,FALSE,Blue,0.5,2.49,220
132,Ditto,Normal,,288,48,48,48,48,1,FALSE,Purple,,0.3,4
133,Eevee,Normal,,325,55,55,50,55,1,FALSE,Brown,0.875,0.3,6.5
134,Vaporeon,Water,,525,130,65,60,65,1,FALSE,Blue,0.875,0.99,29
135,Jolteon,Electric,,525,65,65,60,130,1,FALSE,Yellow,0.875,0.79,24.5
136,Flareon,Fire,,525,65,130,60,65,1,FALSE,Red,0.875,0.89,25
137,Porygon,Normal,,395,65,60,70,40,1,FALSE,Pink,,0.79,36.5
138,Omanyte,Rock,Water,355,35,40,100,35,1,FALSE,Blue,0.875,0.41,7.5
139,Omastar,Rock,Water,495,70,60,125,55,1,FALSE,Blue,0.875,0.99,35
140,Kabuto,Rock,Water,355,30,80,90,55,1,FALSE,Brown,0.875,0.51,11.5
141,Kabutops,Rock,Water,495,60,115,105,80,1,FALSE,Brown,0.875,1.3,40.5
142,Aerodactyl,Rock,Flying,515,80,105,65,130,1,FALSE,Purple,0.875,1.8,59
143,Snorlax,Normal,,540,160,110,65,30,1,FALSE,Black,0.875,2.11,460
144,Articuno,Ice,Flying,580,90,85,100,85,1,TRUE,Blue,,1.7,55.4
145,Zapdos,Electric,Flying,580,90,90,85,100,1,TRUE,Yellow,,1.6,52.6
146,Moltres,Fire,Flying,580,90,100,90,90,1,TRUE,Yellow,,2.01,60
147,Dratini,Dragon,,300,41,64,45,50,1,FALSE,Blue,0.5,1.8,3.3
148,Dragonair,Dragon,,420,61,84,65,70,1,FALSE,Blue,0.5,3.99,16.5
149,Dragonite,Dragon,Flying,600,91,134,95,80,1,FALSE,Brown,0.5,2.21,210
150,Mewtwo,Psychic,,680,106,110,90,130,1,TRUE,Purple,,2.01,122
151,Mew,Psychic,,600,100,100,100,100,1,FALSE,Pink,,0.41,4
152,Chikorita,Grass,,318,45,49,65,45,2,FALSE,Green,0.875,0.89,6.4
153,Bayleef,Grass,,405,60,62,80,60,2,FALSE,Green,0.875,1.19,15.8
154,Meganium,Grass,,525,80,82,100,80,2,FALSE,Green,0.875,1.8,100.5
155,Cyndaquil,Fire,,309,39,52,43,65,2,FALSE,Yellow,0.875,0.51,7.9
156,Quilava,Fire,,405,58,64,58,80,2,FALSE,Yellow,0.875,0.89,19
157,Typhlosion,Fire,,534,78,84,78,100,2,FALSE,Yellow,0.875,1.7,79.5
158,Totodile,Water,,314,50,65,64,43,2,FALSE,Blue,0.875,0.61,9.5
159,Croconaw,Water,,405,65,80,80,58,2,FALSE,Blue,0.875,1.09,25
160,Feraligatr,Water,,530,85,105,100,78,2,FALSE,Blue,0.875,2.31,88.8
161,Sentret,Normal,,215,35,46,34,20,2,FALSE,Brown,0.5,0.79,6
162,Furret,Normal,,415,85,76,64,90,2,FALSE,Brown,0.5,1.8,32.5
163,Hoothoot,Normal,Flying,262,60,30,30,50,2,FALSE,Brown,0.5,0.71,21.2
164,Noctowl,Normal,Flying,442,100,50,50,70,2,FALSE,Brown,0.5,1.6,40.8
165,Ledyba,Bug,Flying,265,40,20,30,55,2,FALSE,Red,0.5,0.99,10.8
166,Ledian,Bug,Flying,390,55,35,50,85,2,FALSE,Red,0.5,1.4,35.6
167,Spinarak,Bug,Poison,250,40,60,40,30,2,FALSE,Green,0.5,0.51,8.5
168,Ariados,Bug,Poison,390,70,90,70,40,2,FALSE,Red,0.5,1.09,33.5
169,Crobat,Poison,Flying,535,85,90,80,130,2,FALSE,Purple,0.5,1.8,75
170,Chinchou,Water,Electric,330,75,38,38,67,2,FALSE,Blue,0.5,0.51,12
171,Lanturn,Water,Electric,460,125,58,58,67,2,FALSE,Blue,0.5,1.19,22.5
172,Pichu,Electric,,205,20,40,15,60,2,FALSE,Yellow,0.5,0.3,2
173,Cleffa,Fairy,,218,50,25,28,15,2,FALSE,Pink,0.25,0.3,3
174,Igglybuff,Normal,Fairy,210,90,30,15,15,2,FALSE,Pink,0.25,0.3,1
175,Togepi,Fairy,,245,35,20,65,20,2,FALSE,White,0.875,0.3,1.5
176,Togetic,Fairy,Flying,405,55,40,85,40,2,FALSE,White,0.875,0.61,3.2
177,Natu,Psychic,Flying,320,40,50,45,70,2,FALSE,Green,0.5,0.2,2
178,Xatu,Psychic,Flying,470,65,75,70,95,2,FALSE,Green,0.5,1.5,15
179,Mareep,Electric,,280,55,40,40,35,2,FALSE,White,0.5,0.61,7.8
180,Flaaffy,Electric,,365,70,55,55,45,2,FALSE,Pink,0.5,0.79,13.3
181,Ampharos,Electric,,510,90,75,85,55,2,FALSE,Yellow,0.5,1.4,61.5
182,Bellossom,Grass,,490,75,80,95,50,2,FALSE,Green,0.5,0.41,5.8
183,Marill,Water,Fairy,250,70,20,50,40,2,FALSE,Blue,0.5,0.41,8.5
184,Azumarill,Water,Fairy,420,100,50,80,50,2,FALSE,Blue,0.5,0.79,28.5
185,Sudowoodo,Rock,,410,70,100,115,30,2,FALSE,Brown,0.5,1.19,38
186,Politoed,Water,,500,90,75,75,70,2,FALSE,Green,0.5,1.09,33.9
187,Hoppip,Grass,Flying,250,35,35,40,50,2,FALSE,Pink,0.5,0.41,0.5
188,Skiploom,Grass,Flying,340,55,45,50,80,2,FALSE,Green,0.5,0.61,1
189,Jumpluff,Grass,Flying,460,75,55,70,110,2,FALSE,Blue,0.5,0.79,3
190,Aipom,Normal,,360,55,70,55,85,2,FALSE,Purple,0.5,0.79,11.5
191,Sunkern,Grass,,180,30,30,30,30,2,FALSE,Yellow,0.5,0.3,1.8
192,Sunflora,Grass,,425,75,75,55,30,2,FALSE,Yellow,0.5,0.79,8.5
193,Yanma,Bug,Flying,390,65,65,45,95,2,FALSE,Red,0.5,1.19,38
194,Wooper,Water,Ground,210,55,45,45,15,2,FALSE,Blue,0.5,0.41,8.5
195,Quagsire,Water,Ground,430,95,85,85,35,2,FALSE,Blue,0.5,1.4,75
196,Espeon,Psychic,,525,65,65,60,110,2,FALSE,Purple,0.875,0.89,26.5
197,Umbreon,Dark,,525,95,65,110,65,2,FALSE,Black,0.875,0.99,27
198,Murkrow,Dark,Flying,405,60,85,42,91,2,FALSE,Black,0.5,0.51,2.1
199,Slowking,Water,Psychic,490,95,75,80,30,2,FALSE,Pink,0.5,2.01,79.5
200,Misdreavus,Ghost,,435,60,60,60,85,2,FALSE,Purple,0.5,0.71,1
201,Unown,Psychic,,336,48,72,48,48,2,FALSE,Black,,0.51,5
202,Wobbuffet,Psychic,,405,190,33,58,33,2,FALSE,Blue,0.5,1.3,28.5
203,Girafarig,Normal,Psychic,455,70,80,65,85,2,FALSE,Yellow,0.5,1.5,41.5
204,Pineco,Bug,,290,50,65,90,15,2,FALSE,Grey,0.5,0.61,7.2
205,Forretress,Bug,Steel,465,75,90,140,40,2,FALSE,Purple,0.5,1.19,125.8
206,Dunsparce,Normal,,415,100,70,70,45,2,FALSE,Yellow,0.5,1.5,14
207,Gligar,Ground,Flying,430,65,75,105,85,2,FALSE,Purple,0.5,1.09,64.8
208,Steelix,Steel,Ground,510,75,85,200,30,2,FALSE,Grey,0.5,9.19,400
209,Snubbull,Fairy,,300,60,80,50,30,2,FALSE,Pink,0.25,0.61,7.8
210,Granbull,Fairy,,450,90,120,75,45,2,FALSE,Purple,0.25,1.4,48.7
211,Qwilfish,Water,Poison,430,65,95,75,85,2,FALSE,Grey,0.5,0.51,3.9
212,Scizor,Bug,Steel,500,70,130,100,65,2,FALSE,Red,0.5,1.8,118
213,Shuckle,Bug,Rock,505,20,10,230,5,2,FALSE,Yellow,0.5,0.61,20.5
214,Heracross,Bug,Fighting,500,80,125,75,85,2,FALSE,Blue,0.5,1.5,54
215,Sneasel,Dark,Ice,430,55,95,55,115,2,FALSE,Black,0.5,0.89,28
216,Teddiursa,Normal,,330,60,80,50,40,2,FALSE,Brown,0.5,0.61,8.8
217,Ursaring,Normal,,500,90,130,75,55,2,FALSE,Brown,0.5,1.8,125.8
218,Slugma,Fire,,250,40,40,40,20,2,FALSE,Red,0.5,0.71,35
219,Magcargo,Fire,Rock,410,50,50,120,30,2,FALSE,Red,0.5,0.79,55
220,Swinub,Ice,Ground,250,50,50,40,50,2,FALSE,Brown,0.5,0.41,6.5
221,Piloswine,Ice,Ground,450,100,100,80,50,2,FALSE,Brown,0.5,1.09,55.8
222,Corsola,Water,Rock,380,55,55,85,35,2,FALSE,Pink,0.25,0.61,5
223,Remoraid,Water,,300,35,65,35,65,2,FALSE,Grey,0.5,0.61,12
224,Octillery,Water,,480,75,105,75,45,2,FALSE,Red,0.5,0.89,28.5
225,Delibird,Ice,Flying,330,45,55,45,75,2,FALSE,Red,0.5,0.89,16
226,Mantine,Water,Flying,465,65,40,70,70,2,FALSE,Purple,0.5,2.11,220
227,Skarmory,Steel,Flying,465,65,80,140,70,2,FALSE,Grey,0.5,1.7,50.5
228,Houndour,Dark,Fire,330,45,60,30,65,2,FALSE,Black,0.5,0.61,10.8
229,Houndoom,Dark,Fire,500,75,90,50,95,2,FALSE,Black,0.5,1.4,35
230,Kingdra,Water,Dragon,540,75,95,95,85,2,FALSE,Blue,0.5,1.8,152
231,Phanpy,Ground,,330,90,60,60,40,2,FALSE,Blue,0.5,0.51,33.5
232,Donphan,Ground,,500,90,120,120,50,2,FALSE,Grey,0.5,1.09,120
233,Porygon2,Normal,,515,85,80,90,60,2,FALSE,Red,,0.61,32.5
234,Stantler,Normal,,465,73,95,62,85,2,FALSE,Brown,0.5,1.4,71.2
235,Smeargle,Normal,,250,55,20,35,75,2,FALSE,White,0.5,1.19,58
236,Tyrogue,Fighting,,210,35,35,35,35,2,FALSE,Purple,1,0.71,21
237,Hitmontop,Fighting,,455,50,95,95,70,2,FALSE,Brown,1,1.4,48
238,Smoochum,Ice,Psychic,305,45,30,15,65,2,FALSE,Pink,0,0.41,6
239,Elekid,Electric,,360,45,63,37,95,2,FALSE,Yellow,0.75,0.61,23.5
240,Magby,Fire,,365,45,75,37,83,2,FALSE,Red,0.75,0.71,21.4
241,Miltank,Normal,,490,95,80,105,100,2,FALSE,Pink,0,1.19,75.5
242,Blissey,Normal,,540,255,10,10,55,2,FALSE,Pink,0,1.5,46.8
243,Raikou,Electric,,580,90,85,75,115,2,TRUE,Yellow,,1.91,178
244,Entei,Fire,,580,115,115,85,100,2,TRUE,Brown,,2.11,198
245,Suicune,Water,,580,100,75,115,85,2,TRUE,Blue,,2.01,187
246,Larvitar,Rock,Ground,300,50,64,50,41,2,FALSE,Green,0.5,0.61,72
247,Pupitar,Rock,Ground,410,70,84,70,51,2,FALSE,Grey,0.5,1.19,152
248,Tyranitar,Rock,Dark,600,100,134,110,61,2,FALSE,Green,0.5,2.01,202
249,Lugia,Psychic,Flying,680,106,90,130,110,2,TRUE,White,,5.21,216
250,Ho-Oh,Fire,Flying,680,106,130,90,90,2,TRUE,Red,,3.81,199
251,Celebi,Psychic,Grass,600,100,100,100,100,2,FALSE,Green,,0.61,5
252,Treecko,Grass,,310,40,45,35,70,3,FALSE,Green,0.875,0.51,5
253,Grovyle,Grass,,405,50,65,45,95,3,FALSE,Green,0.875,0.89,21.6
254,Sceptile,Grass,,530,70,85,65,120,3,FALSE,Green,0.875,1.7,52.2
255,Torchic,Fire,,310,45,60,40,45,3,FALSE,Red,0.875,0.41,2.5
256,Combusken,Fire,Fighting,405,60,85,60,55,3,FALSE,Red,0.875,0.89,19.5
257,Blaziken,Fire,Fighting,530,80,120,70,80,3,FALSE,Red,0.875,1.91,52
258,Mudkip,Water,,310,50,70,50,40,3,FALSE,Blue,0.875,0.41,7.6
259,Marshtomp,Water,Ground,405,70,85,70,50,3,FALSE,Blue,0.875,0.71,28
260,Swampert,Water,Ground,535,100,110,90,60,3,FALSE,Blue,0.875,1.5,81.9
261,Poochyena,Dark,,220,35,55,35,35,3,FALSE,Grey,0.5,0.51,13.6
262,Mightyena,Dark,,420,70,90,70,70,3,FALSE,Grey,0.5,0.99,37
263,Zigzagoon,Normal,,240,38,30,41,60,3,FALSE,Brown,0.5,0.41,17.5
264,Linoone,Normal,,420,78,70,61,100,3,FALSE,White,0.5,0.51,32.5
265,Wurmple,Bug,,195,45,45,35,20,3,FALSE,Red,0.5,0.3,3.6
266,Silcoon,Bug,,205,50,35,55,15,3,FALSE,White,0.5,0.61,10
267,Beautifly,Bug,Flying,395,60,70,50,65,3,FALSE,Yellow,0.5,0.99,28.4
268,Cascoon,Bug,,205,50,35,55,15,3,FALSE,Purple,0.5,0.71,11.5
269,Dustox,Bug,Poison,385,60,50,70,65,3,FALSE,Green,0.5,1.19,31.6
270,Lotad,Water,Grass,220,40,30,30,30,3,FALSE,Green,0.5,0.51,2.6
271,Lombre,Water,Grass,340,60,50,50,50,3,FALSE,Green,0.5,1.19,32.5
272,Ludicolo,Water,Grass,480,80,70,70,70,3,FALSE,Green,0.5,1.5,55
273,Seedot,Grass,,220,40,40,50,30,3,FALSE,Brown,0.5,0.51,4
274,Nuzleaf,Grass,Dark,340,70,70,40,60,3,FALSE,Brown,0.5,0.99,28
275,Shiftry,Grass,Dark,480,90,100,60,80,3,FALSE,Brown,0.5,1.3,59.6
276,Taillow,Normal,Flying,270,40,55,30,85,3,FALSE,Blue,0.5,0.3,2.3
277,Swellow,Normal,Flying,430,60,85,60,125,3,FALSE,Blue,0.5,0.71,19.8
278,Wingull,Water,Flying,270,40,30,30,85,3,FALSE,White,0.5,0.61,9.5
279,Pelipper,Water,Flying,430,60,50,100,65,3,FALSE,Yellow,0.5,1.19,28
280,Ralts,Psychic,Fairy,198,28,25,25,40,3,FALSE,White,0.5,0.41,6.6
281,Kirlia,Psychic,Fairy,278,38,35,35,50,3,FALSE,White,0.5,0.79,20.2
282,Gardevoir,Psychic,Fairy,518,68,65,65,80,3,FALSE,White,0.5,1.6,48.4
283,Surskit,Bug,Water,269,40,30,32,65,3,FALSE,Blue,0.5,0.51,1.7
284,Masquerain,Bug,Flying,414,70,60,62,60,3,FALSE,Blue,0.5,0.79,3.6
285,Shroomish,Grass,,295,60,40,60,35,3,FALSE,Brown,0.5,0.41,4.5
286,Breloom,Grass,Fighting,460,60,130,80,70,3,FALSE,Green,0.5,1.19,39.2
287,Slakoth,Normal,,280,60,60,60,30,3,FALSE,Brown,0.5,0.79,24
288,Vigoroth,Normal,,440,80,80,80,90,3,FALSE,White,0.5,1.4,46.5
289,Slaking,Normal,,670,150,160,100,100,3,FALSE,Brown,0.5,2.01,130.5
290,Nincada,Bug,Ground,266,31,45,90,40,3,FALSE,Grey,0.5,0.51,5.5
291,Ninjask,Bug,Flying,456,61,90,45,160,3,FALSE,Yellow,0.5,0.79,12
292,Shedinja,Bug,Ghost,236,1,90,45,40,3,FALSE,Brown,,0.79,1.2
293,Whismur,Normal,,240,64,51,23,28,3,FALSE,Pink,0.5,0.61,16.3
294,Loudred,Normal,,360,84,71,43,48,3,FALSE,Blue,0.5,0.99,40.5
295,Exploud,Normal,,490,104,91,63,68,3,FALSE,Blue,0.5,1.5,84
296,Makuhita,Fighting,,237,72,60,30,25,3,FALSE,Yellow,0.75,0.99,86.4
297,Hariyama,Fighting,,474,144,120,60,50,3,FALSE,Brown,0.75,2.31,253.8
298,Azurill,Normal,Fairy,190,50,20,40,20,3,FALSE,Blue,0.25,0.2,2
299,Nosepass,Rock,,375,30,45,135,30,3,FALSE,Grey,0.5,0.99,97
300,Skitty,Normal,,260,50,45,45,50,3,FALSE,Pink,0.25,0.61,11
301,Delcatty,Normal,,380,70,65,65,70,3,FALSE,Purple,0.25,1.09,32.6
302,Sableye,Dark,Ghost,380,50,75,75,50,3,FALSE,Purple,0.5,0.51,11
303,Mawile,Steel,Fairy,380,50,85,85,50,3,FALSE,Black,0.5,0.61,11.5
304,Aron,Steel,Rock,330,50,70,100,30,3,FALSE,Grey,0.5,0.41,60
305,Lairon,Steel,Rock,430,60,90,140,40,3,FALSE,Grey,0.5,0.89,120
306,Aggron,Steel,Rock,530,70,110,180,50,3,FALSE,Grey,0.5,2.11,360
307,Meditite,Fighting,Psychic,280,30,40,55,60,3,FALSE,Blue,0.5,0.61,11.2
308,Medicham,Fighting,Psychic,410,60,60,75,80,3,FALSE,Red,0.5,1.3,31.5
309,Electrike,Electric,,295,40,45,40,65,3,FALSE,Green,0.5,0.61,15.2
310,Manectric,Electric,,475,70,75,60,105,3,FALSE,Yellow,0.5,1.5,40.2
311,Plusle,Electric,,405,60,50,40,95,3,FALSE,Yellow,0.5,0.41,4.2
312,Minun,Electric,,405,60,40,50,95,3,FALSE,Yellow,0.5,0.41,4.2
313,Volbeat,Bug,,400,65,73,55,85,3,FALSE,Grey,1,0.71,17.7
314,Illumise,Bug,,400,65,47,55,85,3,FALSE,Purple,0,0.61,17.7
315,Roselia,Grass,Poison,400,50,60,45,65,3,FALSE,Green,0.5,0.3,2
316,Gulpin,Poison,,302,70,43,53,40,3,FALSE,Green,0.5,0.41,10.3
317,Swalot,Poison,,467,100,73,83,55,3,FALSE,Purple,0.5,1.7,80
318,Carvanha,Water,Dark,305,45,90,20,65,3,FALSE,Red,0.5,0.79,20.8
319,Sharpedo,Water,Dark,460,70,120,40,95,3,FALSE,Blue,0.5,1.8,88.8
320,Wailmer,Water,,400,130,70,35,60,3,FALSE,Blue,0.5,2.01,130
321,Wailord,Water,,500,170,90,45,60,3,FALSE,Blue,0.5,14.5,398
322,Numel,Fire,Ground,305,60,60,40,35,3,FALSE,Yellow,0.5,0.71,24
323,Camerupt,Fire,Ground,460,70,100,70,40,3,FALSE,Red,0.5,1.91,220
324,Torkoal,Fire,,470,70,85,140,20,3,FALSE,Brown,0.5,0.51,80.4
325,Spoink,Psychic,,330,60,25,35,60,3,FALSE,Black,0.5,0.71,30.6
326,Grumpig,Psychic,,470,80,45,65,80,3,FALSE,Purple,0.5,0.89,71.5
327,Spinda,Normal,,360,60,60,60,60,3,FALSE,Brown,0.5,1.09,5
328,Trapinch,Ground,,290,45,100,45,10,3,FALSE,Brown,0.5,0.71,15
329,Vibrava,Ground,Dragon,340,50,70,50,70,3,FALSE,Green,0.5,1.09,15.3
330,Flygon,Ground,Dragon,520,80,100,80,100,3,FALSE,Green,0.5,2.01,82
331,Cacnea,Grass,,335,50,85,40,35,3,FALSE,Green,0.5,0.41,51.3
332,Cacturne,Grass,Dark,475,70,115,60,55,3,FALSE,Green,0.5,1.3,77.4
333,Swablu,Normal,Flying,310,45,40,60,50,3,FALSE,Blue,0.5,0.41,1.2
334,Altaria,Dragon,Flying,490,75,70,90,80,3,FALSE,Blue,0.5,1.09,20.6
335,Zangoose,Normal,,458,73,115,60,90,3,FALSE,White,0.5,1.3,40.3
336,Seviper,Poison,,458,73,100,60,65,3,FALSE,Black,0.5,2.69,52.5
337,Lunatone,Rock,Psychic,440,70,55,65,70,3,FALSE,Yellow,,0.99,168
338,Solrock,Rock,Psychic,440,70,95,85,70,3,FALSE,Red,,1.19,154
339,Barboach,Water,Ground,288,50,48,43,60,3,FALSE,Grey,0.5,0.41,1.9
340,Whiscash,Water,Ground,468,110,78,73,60,3,FALSE,Blue,0.5,0.89,23.6
341,Corphish,Water,,308,43,80,65,35,3,FALSE,Red,0.5,0.61,11.5
342,Crawdaunt,Water,Dark,468,63,120,85,55,3,FALSE,Red,0.5,1.09,32.8
343,Baltoy,Ground,Psychic,300,40,40,55,55,3,FALSE,Brown,,0.51,21.5
344,Claydol,Ground,Psychic,500,60,70,105,75,3,FALSE,Black,,1.5,108
345,Lileep,Rock,Grass,355,66,41,77,23,3,FALSE,Purple,0.875,0.99,23.8
346,Cradily,Rock,Grass,495,86,81,97,43,3,FALSE,Green,0.875,1.5,60.4
347,Anorith,Rock,Bug,355,45,95,50,75,3,FALSE,Grey,0.875,0.71,12.5
348,Armaldo,Rock,Bug,495,75,125,100,45,3,FALSE,Grey,0.875,1.5,68.2
349,Feebas,Water,,200,20,15,20,80,3,FALSE,Brown,0.5,0.61,7.4
350,Milotic,Water,,540,95,60,79,81,3,FALSE,Pink,0.5,6.2,162
351,Castform,Normal,,420,70,70,70,70,3,FALSE,White,0.5,0.3,0.8
352,Kecleon,Normal,,440,60,90,70,40,3,FALSE,Green,0.5,0.99,22
353,Shuppet,Ghost,,295,44,75,35,45,3,FALSE,Black,0.5,0.61,2.3
354,Banette,Ghost,,455,64,115,65,65,3,FALSE,Black,0.5,1.09,12.5
355,Duskull,Ghost,,295,20,40,90,25,3,FALSE,Black,0.5,0.79,15
356,Dusclops,Ghost,,455,40,70,130,25,3,FALSE,Black,0.5,1.6,30.6
357,Tropius,Grass,Flying,460,99,68,83,51,3,FALSE,Green,0.5,2.01,100
358,Chimecho,Psychic,,425,65,50,70,65,3,FALSE,Blue,0.5,0.61,1
359,Absol,Dark,,465,65,130,60,75,3,FALSE,White,0.5,1.19,47
360,Wynaut,Psychic,,260,95,23,48,23,3,FALSE,Blue,0.5,0.61,14
361,Snorunt,Ice,,300,50,50,50,50,3,FALSE,Grey,0.5,0.71,16.8
362,Glalie,Ice,,480,80,80,80,80,3,FALSE,Grey,0.5,1.5,256.5
363,Spheal,Ice,Water,290,70,40,50,25,3,FALSE,Blue,0.5,0.79,39.5
364,Sealeo,Ice,Water,410,90,60,70,45,3,FALSE,Blue,0.5,1.09,87.6
365,Walrein,Ice,Water,530,110,80,90,65,3,FALSE,Blue,0.5,1.4,150.6
366,Clamperl,Water,,345,35,64,85,32,3,FALSE,Blue,0.5,0.41,52.5
367,Huntail,Water,,485,55,104,105,52,3,FALSE,Blue,0.5,1.7,27
368,Gorebyss,Water,,485,55,84,105,52,3,FALSE,Pink,0.5,1.8,22.6
369,Relicanth,Water,Rock,485,100,90,130,55,3,FALSE,Grey,0.875,0.99,23.4
370,Luvdisc,Water,,330,43,30,55,97,3,FALSE,Pink,0.25,0.61,8.7
371,Bagon,Dragon,,300,45,75,60,50,3,FALSE,Blue,0.5,0.61,42.1
372,Shelgon,Dragon,,420,65,95,100,50,3,FALSE,White,0.5,1.09,110.5
373,Salamence,Dragon,Flying,600,95,135,80,100,3,FALSE,Blue,0.5,1.5,102.6
374,Beldum,Steel,Psychic,300,40,55,80,30,3,FALSE,Blue,,0.61,95.2
375,Metang,Steel,Psychic,420,60,75,100,50,3,FALSE,Blue,,1.19,202.5
376,Metagross,Steel,Psychic,600,80,135,130,70,3,FALSE,Blue,,1.6,550
377,Regirock,Rock,,580,80,100,200,50,3,TRUE,Brown,,1.7,230
378,Regice,Ice,,580,80,50,100,50,3,TRUE,Blue,,1.8,175
379,Registeel,Steel,,580,80,75,150,50,3,TRUE,Grey,,1.91,205
380,Latias,Dragon,Psychic,600,80,80,90,110,3,TRUE,Red,0,1.4,40
381,Latios,Dragon,Psychic,600,80,90,80,110,3,TRUE,Blue,1,2.01,60
382,Kyogre,Water,,670,100,100,90,90,3,TRUE,Blue,,4.5,352
383,Groudon,Ground,,670,100,150,140,90,3,TRUE,Red,,3.51,950
384,Rayquaza,Dragon,Flying,680,105,150,90,95,3,TRUE,Green,,7.01,206.5
385,Jirachi,Steel,Psychic,600,100,100,100,100,3,TRUE,Yellow,,0.3,1.1
386,Deoxys,Psychic,,600,50,150,50,150,3,TRUE,Red,,1.7,60.8
387,Turtwig,Grass,,318,55,68,64,31,4,FALSE,Green,0.875,0.41,10.2
388,Grotle,Grass,,405,75,89,85,36,4,FALSE,Green,0.875,1.09,97
389,Torterra,Grass,Ground,525,95,109,105,56,4,FALSE,Green,0.875,2.21,310
390,Chimchar,Fire,,309,44,58,44,61,4,FALSE,Brown,0.875,0.51,6.2
391,Monferno,Fire,Fighting,405,64,78,52,81,4,FALSE,Brown,0.875,0.89,22
392,Infernape,Fire,Fighting,534,76,104,71,108,4,FALSE,Brown,0.875,1.19,55
393,Piplup,Water,,314,53,51,53,40,4,FALSE,Blue,0.875,0.41,5.2
394,Prinplup,Water,,405,64,66,68,50,4,FALSE,Blue,0.875,0.79,23
395,Empoleon,Water,Steel,530,84,86,88,60,4,FALSE,Blue,0.875,1.7,84.5
396,Starly,Normal,Flying,245,40,55,30,60,4,FALSE,Brown,0.5,0.3,2
397,Staravia,Normal,Flying,340,55,75,50,80,4,FALSE,Brown,0.5,0.61,15.5
398,Staraptor,Normal,Flying,485,85,120,70,100,4,FALSE,Brown,0.5,1.19,24.9
399,Bidoof,Normal,,250,59,45,40,31,4,FALSE,Brown,0.5,0.51,20
400,Bibarel,Normal,Water,410,79,85,60,71,4,FALSE,Brown,0.5,0.99,31.5
401,Kricketot,Bug,,194,37,25,41,25,4,FALSE,Red,0.5,0.3,2.2
402,Kricketune,Bug,,384,77,85,51,65,4,FALSE,Red,0.5,0.99,25.5
403,Shinx,Electric,,263,45,65,34,45,4,FALSE,Blue,0.5,0.51,9.5
404,Luxio,Electric,,363,60,85,49,60,4,FALSE,Blue,0.5,0.89,30.5
405,Luxray,Electric,,523,80,120,79,70,4,FALSE,Blue,0.5,1.4,42
406,Budew,Grass,Poison,280,40,30,35,55,4,FALSE,Green,0.5,0.2,1.2
407,Roserade,Grass,Poison,515,60,70,65,90,4,FALSE,Green,0.5,0.89,14.5
408,Cranidos,Rock,,350,67,125,40,58,4,FALSE,Blue,0.875,0.89,31.5
409,Rampardos,Rock,,495,97,165,60,58,4,FALSE,Blue,0.875,1.6,102.5
410,Shieldon,Rock,Steel,350,30,42,118,30,4,FALSE,Grey,0.875,0.51,57
411,Bastiodon,Rock,Steel,495,60,52,168,30,4,FALSE,Grey,0.875,1.3,149.5
412,Burmy,Bug,,224,40,29,45,36,4,FALSE,Grey,0.5,0.2,3.4
413,Wormadam,Bug,Grass,424,60,59,85,36,4,FALSE,Grey,0,0.51,6.5
414,Mothim,Bug,Flying,424,70,94,50,66,4,FALSE,Yellow,1,0.89,23.3
415,Combee,Bug,Flying,244,30,30,42,70,4,FALSE,Yellow,0.875,0.3,5.5
416,Vespiquen,Bug,Flying,474,70,80,102,40,4,FALSE,Yellow,0,1.19,38.5
417,Pachirisu,Electric,,405,60,45,70,95,4,FALSE,White,0.5,0.41,3.9
418,Buizel,Water,,330,55,65,35,85,4,FALSE,Brown,0.5,0.71,29.5
419,Floatzel,Water,,495,85,105,55,115,4,FALSE,Brown,0.5,1.09,33.5
420,Cherubi,Grass,,275,45,35,45,35,4,FALSE,Pink,0.5,0.41,3.3
421,Cherrim,Grass,,450,70,60,70,85,4,FALSE,Pink,0.5,0.51,9.3
422,Shellos,Water,,325,76,48,48,34,4,FALSE,Purple,0.5,0.3,6.3
423,Gastrodon,Water,Ground,475,111,83,68,39,4,FALSE,Purple,0.5,0.89,29.9
424,Ambipom,Normal,,482,75,100,66,115,4,FALSE,Purple,0.5,1.19,20.3
425,Drifloon,Ghost,Flying,348,90,50,34,70,4,FALSE,Purple,0.5,0.41,1.2
426,Drifblim,Ghost,Flying,498,150,80,44,80,4,FALSE,Purple,0.5,1.19,15
427,Buneary,Normal,,350,55,66,44,85,4,FALSE,Brown,0.5,0.41,5.5
428,Lopunny,Normal,,480,65,76,84,105,4,FALSE,Brown,0.5,1.19,33.3
429,Mismagius,Ghost,,495,60,60,60,105,4,FALSE,Purple,0.5,0.89,4.4
430,Honchkrow,Dark,Flying,505,100,125,52,71,4,FALSE,Black,0.5,0.89,27.3
431,Glameow,Normal,,310,49,55,42,85,4,FALSE,Grey,0.25,0.51,3.9
432,Purugly,Normal,,452,71,82,64,112,4,FALSE,Grey,0.25,0.99,43.8
433,Chingling,Psychic,,285,45,30,50,45,4,FALSE,Yellow,0.5,0.2,0.6
434,Stunky,Poison,Dark,329,63,63,47,74,4,FALSE,Purple,0.5,0.41,19.2
435,Skuntank,Poison,Dark,479,103,93,67,84,4,FALSE,Purple,0.5,0.99,38
436,Bronzor,Steel,Psychic,300,57,24,86,23,4,FALSE,Green,,0.51,60.5
437,Bronzong,Steel,Psychic,500,67,89,116,33,4,FALSE,Green,,1.3,187
438,Bonsly,Rock,,290,50,80,95,10,4,FALSE,Brown,0.5,0.51,15
439,Mime_Jr.,Psychic,Fairy,310,20,25,45,60,4,FALSE,Pink,0.5,0.61,13
440,Happiny,Normal,,220,100,5,5,30,4,FALSE,Pink,0,0.61,24.4
441,Chatot,Normal,Flying,411,76,65,45,91,4,FALSE,Black,0.5,0.51,1.9
442,Spiritomb,Ghost,Dark,485,50,92,108,35,4,FALSE,Purple,0.5,0.99,108
443,Gible,Dragon,Ground,300,58,70,45,42,4,FALSE,Blue,0.5,0.71,20.5
444,Gabite,Dragon,Ground,410,68,90,65,82,4,FALSE,Blue,0.5,1.4,56
445,Garchomp,Dragon,Ground,600,108,130,95,102,4,FALSE,Blue,0.5,1.91,95
446,Munchlax,Normal,,390,135,85,40,5,4,FALSE,Black,0.875,0.61,105
447,Riolu,Fighting,,285,40,70,40,60,4,FALSE,Blue,0.875,0.71,20.2
448,Lucario,Fighting,Steel,525,70,110,70,90,4,FALSE,Blue,0.875,1.19,54
449,Hippopotas,Ground,,330,68,72,78,32,4,FALSE,Brown,0.5,0.79,49.5
450,Hippowdon,Ground,,525,108,112,118,47,4,FALSE,Brown,0.5,2.01,300
451,Skorupi,Poison,Bug,330,40,50,90,65,4,FALSE,Purple,0.5,0.79,12
452,Drapion,Poison,Dark,500,70,90,110,95,4,FALSE,Purple,0.5,1.3,61.5
453,Croagunk,Poison,Fighting,300,48,61,40,50,4,FALSE,Blue,0.5,0.71,23
454,Toxicroak,Poison,Fighting,490,83,106,65,85,4,FALSE,Blue,0.5,1.3,44.4
455,Carnivine,Grass,,454,74,100,72,46,4,FALSE,Green,0.5,1.4,27
456,Finneon,Water,,330,49,49,56,66,4,FALSE,Blue,0.5,0.41,7
457,Lumineon,Water,,460,69,69,76,91,4,FALSE,Blue,0.5,1.19,24
458,Mantyke,Water,Flying,345,45,20,50,50,4,FALSE,Blue,0.5,0.99,65
459,Snover,Grass,Ice,334,60,62,50,40,4,FALSE,White,0.5,0.99,50.5
460,Abomasnow,Grass,Ice,494,90,92,75,60,4,FALSE,White,0.5,2.21,135.5
461,Weavile,Dark,Ice,510,70,120,65,125,4,FALSE,Black,0.5,1.09,34
462,Magnezone,Electric,Steel,535,70,70,115,60,4,FALSE,Grey,,1.19,180
463,Lickilicky,Normal,,515,110,85,95,50,4,FALSE,Pink,0.5,1.7,140
464,Rhyperior,Ground,Rock,535,115,140,130,40,4,FALSE,Grey,0.5,2.39,282.8
465,Tangrowth,Grass,,535,100,100,125,50,4,FALSE,Blue,0.5,2.01,128.6
466,Electivire,Electric,,540,75,123,67,95,4,FALSE,Yellow,0.75,1.8,138.6
467,Magmortar,Fire,,540,75,95,67,83,4,FALSE,Red,0.75,1.6,68
468,Togekiss,Fairy,Flying,545,85,50,95,80,4,FALSE,White,0.875,1.5,38
469,Yanmega,Bug,Flying,515,86,76,86,95,4,FALSE,Green,0.5,1.91,51.5
470,Leafeon,Grass,,525,65,110,130,95,4,FALSE,Green,0.875,0.99,25.5
471,Glaceon,Ice,,525,65,60,110,65,4,FALSE,Blue,0.875,0.79,25.9
472,Gliscor,Ground,Flying,510,75,95,125,95,4,FALSE,Purple,0.5,2.01,42.5
473,Mamoswine,Ice,Ground,530,110,130,80,80,4,FALSE,Brown,0.5,2.49,291
474,Porygon-Z,Normal,,535,85,80,70,90,4,FALSE,Red,,0.89,34
475,Gallade,Psychic,Fighting,518,68,125,65,80,4,FALSE,White,1,1.6,52
476,Probopass,Rock,Steel,525,60,55,145,40,4,FALSE,Grey,0.5,1.4,340
477,Dusknoir,Ghost,,525,45,100,135,45,4,FALSE,Black,0.5,2.21,106.6
478,Froslass,Ice,Ghost,480,70,80,70,110,4,FALSE,White,0,1.3,26.6
479,Rotom,Electric,Ghost,440,50,50,77,91,4,FALSE,Red,,0.3,0.3
480,Uxie,Psychic,,580,75,75,130,95,4,TRUE,Yellow,,0.3,0.3
481,Mesprit,Psychic,,580,80,105,105,80,4,TRUE,Pink,,0.3,0.3
482,Azelf,Psychic,,580,75,125,70,115,4,TRUE,Blue,,0.3,0.3
483,Dialga,Steel,Dragon,680,100,120,120,90,4,TRUE,White,,5.41,683
484,Palkia,Water,Dragon,680,90,120,100,100,4,TRUE,Purple,,4.19,336
485,Heatran,Fire,Steel,600,91,90,106,77,4,TRUE,Brown,0.5,1.7,430
486,Regigigas,Normal,,670,110,160,110,100,4,TRUE,White,,3.71,420
487,Giratina,Ghost,Dragon,680,150,120,100,90,4,TRUE,Black,,6.91,650
488,Cresselia,Psychic,,600,120,70,120,85,4,FALSE,Yellow,0,1.5,85.6
489,Phione,Water,,480,80,80,80,80,4,FALSE,Blue,,0.41,3.1
490,Manaphy,Water,,600,100,100,100,100,4,FALSE,Blue,,0.3,1.4
491,Darkrai,Dark,,600,70,90,90,125,4,TRUE,Black,,1.5,50.5
492,Shaymin,Grass,,600,100,100,100,100,4,TRUE,Green,,0.2,2.1
493,Arceus,Normal,,720,120,120,120,120,4,TRUE,Grey,,3.2,320
494,Victini,Psychic,Fire,600,100,100,100,100,5,TRUE,Yellow,,0.41,4
495,Snivy,Grass,,308,45,45,55,63,5,FALSE,Green,0.875,0.61,8.1
496,Servine,Grass,,413,60,60,75,83,5,FALSE,Green,0.875,0.79,16
497,Serperior,Grass,,528,75,75,95,113,5,FALSE,Green,0.875,3.3,63
498,Tepig,Fire,,308,65,63,45,45,5,FALSE,Red,0.875,0.51,9.9
499,Pignite,Fire,Fighting,418,90,93,55,55,5,FALSE,Red,0.875,0.99,55.5
500,Emboar,Fire,Fighting,528,110,123,65,65,5,FALSE,Red,0.875,1.6,150
501,Oshawott,Water,,308,55,55,45,45,5,FALSE,Blue,0.875,0.51,5.9
502,Dewott,Water,,413,75,75,60,60,5,FALSE,Blue,0.875,0.79,24.5
503,Samurott,Water,,528,95,100,85,70,5,FALSE,Blue,0.875,1.5,94.6
504,Patrat,Normal,,255,45,55,39,42,5,FALSE,Brown,0.5,0.51,11.6
505,Watchog,Normal,,420,60,85,69,77,5,FALSE,Brown,0.5,1.09,27
506,Lillipup,Normal,,275,45,60,45,55,5,FALSE,Brown,0.5,0.41,4.1
507,Herdier,Normal,,370,65,80,65,60,5,FALSE,Grey,0.5,0.89,14.7
508,Stoutland,Normal,,500,85,110,90,80,5,FALSE,Grey,0.5,1.19,61
509,Purrloin,Dark,,281,41,50,37,66,5,FALSE,Purple,0.5,0.41,10.1
510,Liepard,Dark,,446,64,88,50,106,5,FALSE,Purple,0.5,1.09,37.5
511,Pansage,Grass,,316,50,53,48,64,5,FALSE,Green,0.875,0.61,10.5
512,Simisage,Grass,,498,75,98,63,101,5,FALSE,Green,0.875,1.09,30.5
513,Pansear,Fire,,316,50,53,48,64,5,FALSE,Red,0.875,0.61,11
514,Simisear,Fire,,498,75,98,63,101,5,FALSE,Red,0.875,0.99,28
515,Panpour,Water,,316,50,53,48,64,5,FALSE,Blue,0.875,0.61,13.5
516,Simipour,Water,,498,75,98,63,101,5,FALSE,Blue,0.875,0.99,29
517,Munna,Psychic,,292,76,25,45,24,5,FALSE,Pink,0.5,0.61,23.3
518,Musharna,Psychic,,487,116,55,85,29,5,FALSE,Pink,0.5,1.09,60.5
519,Pidove,Normal,Flying,264,50,55,50,43,5,FALSE,Grey,0.5,0.3,2.1
520,Tranquill,Normal,Flying,358,62,77,62,65,5,FALSE,Grey,0.5,0.61,15
521,Unfezant,Normal,Flying,488,80,115,80,93,5,FALSE,Grey,0.5,1.19,29
522,Blitzle,Electric,,295,45,60,32,76,5,FALSE,Black,0.5,0.79,29.8
523,Zebstrika,Electric,,497,75,100,63,116,5,FALSE,Black,0.5,1.6,79.5
524,Roggenrola,Rock,,280,55,75,85,15,5,FALSE,Blue,0.5,0.41,18
525,Boldore,Rock,,390,70,105,105,20,5,FALSE,Blue,0.5,0.89,102
526,Gigalith,Rock,,515,85,135,130,25,5,FALSE,Blue,0.5,1.7,260
527,Woobat,Psychic,Flying,313,55,45,43,72,5,FALSE,Blue,0.5,0.41,2.1
528,Swoobat,Psychic,Flying,425,67,57,55,114,5,FALSE,Blue,0.5,0.89,10.5
529,Drilbur,Ground,,328,60,85,40,68,5,FALSE,Grey,0.5,0.3,8.5
530,Excadrill,Ground,Steel,508,110,135,60,88,5,FALSE,Grey,0.5,0.71,40.4
531,Audino,Normal,,445,103,60,86,50,5,FALSE,Pink,0.5,1.09,31
532,Timburr,Fighting,,305,75,80,55,35,5,FALSE,Grey,0.75,0.61,12.5
533,Gurdurr,Fighting,,405,85,105,85,40,5,FALSE,Grey,0.75,1.19,40
534,Conkeldurr,Fighting,,505,105,140,95,45,5,FALSE,Grey,0.75,1.4,87
535,Tympole,Water,,294,50,50,40,64,5,FALSE,Blue,0.5,0.51,4.5
536,Palpitoad,Water,Ground,384,75,65,55,69,5,FALSE,Blue,0.5,0.79,17
537,Seismitoad,Water,Ground,509,105,95,75,74,5,FALSE,Blue,0.5,1.5,62
538,Throh,Fighting,,465,120,100,85,45,5,FALSE,Red,1,1.3,55.5
539,Sawk,Fighting,,465,75,125,75,85,5,FALSE,Blue,1,1.4,51
540,Sewaddle,Bug,Grass,310,45,53,70,42,5,FALSE,Yellow,0.5,0.3,2.5
541,Swadloon,Bug,Grass,380,55,63,90,42,5,FALSE,Green,0.5,0.51,7.3
542,Leavanny,Bug,Grass,500,75,103,80,92,5,FALSE,Yellow,0.5,1.19,20.5
543,Venipede,Bug,Poison,260,30,45,59,57,5,FALSE,Red,0.5,0.41,5.3
544,Whirlipede,Bug,Poison,360,40,55,99,47,5,FALSE,Grey,0.5,1.19,58.5
545,Scolipede,Bug,Poison,485,60,100,89,112,5,FALSE,Red,0.5,2.49,200.5
546,Cottonee,Grass,Fairy,280,40,27,60,66,5,FALSE,Green,0.5,0.3,0.6
547,Whimsicott,Grass,Fairy,480,60,67,85,116,5,FALSE,Green,0.5,0.71,6.6
548,Petilil,Grass,,280,45,35,50,30,5,FALSE,Green,0,0.51,6.6
549,Lilligant,Grass,,480,70,60,75,90,5,FALSE,Green,0,1.09,16.3
550,Basculin,Water,,460,70,92,65,98,5,FALSE,Green,0.5,0.99,18
551,Sandile,Ground,Dark,292,50,72,35,65,5,FALSE,Brown,0.5,0.71,15.2
552,Krokorok,Ground,Dark,351,60,82,45,74,5,FALSE,Brown,0.5,0.99,33.4
553,Krookodile,Ground,Dark,519,95,117,80,92,5,FALSE,Red,0.5,1.5,96.3
554,Darumaka,Fire,,315,70,90,45,50,5,FALSE,Red,0.5,0.61,37.5
555,Darmanitan,Fire,,480,105,140,55,95,5,FALSE,Red,0.5,1.3,92.9
556,Maractus,Grass,,461,75,86,67,60,5,FALSE,Green,0.5,0.99,28
557,Dwebble,Bug,Rock,325,50,65,85,55,5,FALSE,Red,0.5,0.3,14.5
558,Crustle,Bug,Rock,475,70,95,125,45,5,FALSE,Red,0.5,1.4,200
559,Scraggy,Dark,Fighting,348,50,75,70,48,5,FALSE,Yellow,0.5,0.61,11.8
560,Scrafty,Dark,Fighting,488,65,90,115,58,5,FALSE,Red,0.5,1.09,30
561,Sigilyph,Psychic,Flying,490,72,58,80,97,5,FALSE,Black,0.5,1.4,14
562,Yamask,Ghost,,303,38,30,85,30,5,FALSE,Black,0.5,0.51,1.5
563,Cofagrigus,Ghost,,483,58,50,145,30,5,FALSE,Yellow,0.5,1.7,76.5
564,Tirtouga,Water,Rock,355,54,78,103,22,5,FALSE,Blue,0.875,0.71,16.5
565,Carracosta,Water,Rock,495,74,108,133,32,5,FALSE,Blue,0.875,1.19,81
566,Archen,Rock,Flying,401,55,112,45,70,5,FALSE,Yellow,0.875,0.51,9.5
567,Archeops,Rock,Flying,567,75,140,65,110,5,FALSE,Yellow,0.875,1.4,32
568,Trubbish,Poison,,329,50,50,62,65,5,FALSE,Green,0.5,0.61,31
569,Garbodor,Poison,,474,80,95,82,75,5,FALSE,Green,0.5,1.91,107.3
570,Zorua,Dark,,330,40,65,40,65,5,FALSE,Grey,0.875,0.71,12.5
571,Zoroark,Dark,,510,60,105,60,105,5,FALSE,Grey,0.875,1.6,81.1
572,Minccino,Normal,,300,55,50,40,75,5,FALSE,Grey,0.25,0.41,5.8