taxon,order,family,genus,species,bodytemp,mean_mass,mean_BMR
4192,Afrosoricida,Chrysochloridae,Amblysomus,hottentotus,33.5,70.5,97.3
4189,Afrosoricida,Chrysochloridae,Chrysochloris,asiatica,34,36,43.2
4224,Afrosoricida,Tenrecidae,Echinops,telfairi,,146.6,38.3
78,Afrosoricida,Chrysochloridae,Eremitalpa,granti,33.6,22.8,12.9
4202,Afrosoricida,Tenrecidae,Geogale,aurita,30.8,6.9,7.7
4221,Afrosoricida,Tenrecidae,Hemicentetes,nigriceps,,154.7,83.5
4221,Afrosoricida,Tenrecidae,Hemicentetes,semispinosus,,147.5,83.2
4201,Afrosoricida,Tenrecidae,Limnogale,mergulus,32.5,77.7,72.3
4208,Afrosoricida,Tenrecidae,Microgale,cowani,33,10.3,27
4206,Afrosoricida,Tenrecidae,Microgale,dobsoni,30.9,44.6,41.7
4208,Afrosoricida,Tenrecidae,Microgale,drouhardi,,11.9,28.3
4216,Afrosoricida,Tenrecidae,Microgale,talazaci,30.8,44,43.5
4223,Afrosoricida,Tenrecidae,Setifer,setosus,32.2,530,122.4
4222,Afrosoricida,Tenrecidae,Tenrec,ecaudatus,33,720,236.8
2438,Artiodactyla,Cervidae,Alces,alces,38.6,360600,58323.1
2484,Artiodactyla,Antilocapridae,Antilocapra,americana,,37800,10573.7
2419,Artiodactyla,Bovidae,Bos,taurus,,193000,33700.4
2591,Artiodactyla,Camelidae,Camelus,dromedarius,,416100,41942.9
2330,Artiodactyla,Bovidae,Capra,hircus,39.2,32500,6698.8
2439,Artiodactyla,Cervidae,Capreolus,capreolus,,20388.9,8161.2
2464,Artiodactyla,Cervidae,Cervus,elaphus,,58000,16405.8
2315,Artiodactyla,Bovidae,Connochaetes,taurinus,,140000,29780.3
2394,Artiodactyla,Bovidae,Kobus,ellipsiprymnus,,100000,26666.7
2592,Artiodactyla,Camelidae,Lama,glama,,115000,18837
2404,Artiodactyla,Bovidae,Madoqua,kirkii,,4290,2208.3
2453,Artiodactyla,Cervidae,Odocoileus,virginianus,39,51190,11588
2350,Artiodactyla,Bovidae,Oreamnos,americanus,,32000,8960
2309,Artiodactyla,Bovidae,Oryx,leucoryx,38.6,84100,18600
2324,Artiodactyla,Bovidae,Ovis,canadensis,,67331.5,23010.8
2589,Artiodactyla,Tayassuidae,Pecari,tajacu,37.5,20150,6346.6
2389,Artiodactyla,Bovidae,Philantomba,monticola,36.1,4400,1892
2456,Artiodactyla,Cervidae,Rangifer,tarandus,,85000,29434.7
2391,Artiodactyla,Bovidae,Raphicerus,campestris,39.4,9550,3676.8
2582,Artiodactyla,Suidae,Sus,scrofa,,47500,16625
2430,Artiodactyla,Bovidae,Taurotragus,oryx,,125000,29895.8
2489,Artiodactyla,Tragulidae,Tragulus,javanicus,38.4,1613,892
2805,Carnivora,Felidae,Acinonyx,jubatus,39,37900,8982.3
2695,Carnivora,Ailuridae,Ailurus,fulgens,37.6,5740,878.2
2869,Carnivora,Viverridae,Arctictis,binturong,36.7,14280,1128.1
2872,Carnivora,Viverridae,Arctogalidia,trivirgata,36.2,2010,552.8
2687,Carnivora,Procyonidae,Bassariscus,astutus,,860.7,384.5
2688,Carnivora,Procyonidae,Bassariscus,sumichrasti,38.8,1287.3,631.8
2710,Carnivora,Otariidae,Callorhinus,ursinus,,31730,21487.3
2739,Carnivora,Canidae,Canis,latrans,37,10171.4,3640.8
2737,Carnivora,Canidae,Canis,lupus,,10550,3957.9
2743,Carnivora,Canidae,Canis,mesomelas,38,7720,3898.6
2750,Carnivora,Canidae,Cerdocyon,thous,38.2,5614,1528.5
2638,Carnivora,Mustelidae,Eira,barbara,38.4,2950,1221.3
2667,Carnivora,Mustelidae,Enhydra,lutris,,24434.5,17264
2708,Carnivora,Otariidae,Eumetopias,jubatus,,121833.3,42599.5
2791,Carnivora,Felidae,Felis,margarita,37.6,1924.7,431.4
2793,Carnivora,Felidae,Felis,silvestris,,2617.8,472.2
2879,Carnivora,Eupleridae,Fossa,fossana,37.9,2260,906.3
2837,Carnivora,Herpestidae,Galerella,sanguinea,38.7,540,410.4
2852,Carnivora,Viverridae,Genetta,genetta,,1203.2,286.5
2853,Carnivora,Viverridae,Genetta,tigrina,38.5,1698,747.1
2637,Carnivora,Mustelidae,Gulo,gulo,,13340,5277.4
2826,Carnivora,Herpestidae,Herpestes,javanicus,39.8,611,403.3
2717,Carnivora,Phocidae,Histriophoca,fasciata,,54700,19856.4
2807,Carnivora,Hyaenidae,Hyaena,hyaena,,34300,5865.3
2789,Carnivora,Felidae,Leopardus,pardalis,38,10500,3129
2790,Carnivora,Felidae,Leopardus,wiedii,38,3550,1004.7
2798,Carnivora,Felidae,Leptailurus,serval,36.5,10120,3329.5
2723,Carnivora,Phocidae,Leptonychotes,weddellii,,387400,88908.3
2659,Carnivora,Mustelidae,Lutra,lutra,38.1,8671.4,4813.3
2744,Carnivora,Canidae,Lycalopex,culpaeus,37.5,5418,2034.5
2780,Carnivora,Felidae,Lynx,rufus,,9400,4220.6
2629,Carnivora,Mustelidae,Martes,americana,38,900,594.9
2632,Carnivora,Mustelidae,Martes,martes,,920,752.1
2648,Carnivora,Mustelidae,Meles,meles,,11200,2765.6
2733,Carnivora,Ursidae,Melursus,ursinus,,66957,8436.6
2622,Carnivora,Mustelidae,Mustela,erminea,39.6,207.5,329.8
2618,Carnivora,Mustelidae,Mustela,eversmanii,,612,382.5
2623,Carnivora,Mustelidae,Mustela,frenata,39,225,229
2619,Carnivora,Mustelidae,Mustela,nigripes,,920,473.8
2624,Carnivora,Mustelidae,Mustela,nivalis,39.6,80.6,186.1
2620,Carnivora,Mustelidae,Mustela,putorius,,1466.7,1260.8
2873,Carnivora,Nandiniidae,Nandinia,binotata,37.4,4270,862.5
2684,Carnivora,Procyonidae,Nasua,narica,38.6,3630,1186.6
2685,Carnivora,Procyonidae,Nasua,nasua,36.4,3850,1001
2628,Carnivora,Mustelidae,Neovison,vison,39,918,734.9
2755,Carnivora,Canidae,Nyctereutes,procyonoides,,9800,4010.1
2718,Carnivora,Phocidae,Pagophilus,groenlandicus,,150000,29268
2770,Carnivora,Felidae,Panthera,leo,37.9,98000,16954
2772,Carnivora,Felidae,Panthera,onca,,50400,11188.8
2773,Carnivora,Felidae,Panthera,tigris,37.5,137900,23994.6
2868,Carnivora,Viverridae,Paradoxurus,hermaphroditus,36.5,3160,761.6
2715,Carnivora,Phocidae,Phoca,vitulina,34.6,32485.7,13635.4
2694,Carnivora,Procyonidae,Potos,flavus,36.1,2406,803.7
2680,Carnivora,Procyonidae,Procyon,lotor,38,5385,2083.3
2809,Carnivora,Hyaenidae,Proteles,cristata,36.4,7928.2,2013.5
2804,Carnivora,Felidae,Puma,concolor,37.6,41903.3,10419.2
2803,Carnivora,Felidae,Puma,yagouaroundiλ,38.4,6105,1556.8
2675,Carnivora,Mephitidae,Spilogale,putorius,36.4,624,299.5
2818,Carnivora,Herpestidae,Suricata,suricatta,36.3,850,310.3
2677,Carnivora,Mustelidae,Taxidea,taxus,38,76020,22806
2762,Carnivora,Canidae,Vulpes,cana,,1285,630.3
2760,Carnivora,Canidae,Vulpes,lagopus,38.6,3932.9,1799.6
2761,Carnivora,Canidae,Vulpes,macrotis,38,1813.6,1175.1
2758,Carnivora,Canidae,Vulpes,rueppellii,,1545.5,798.9
2759,Carnivora,Canidae,Vulpes,vulpes,38.7,2965.3,1445.7
2763,Carnivora,Canidae,Vulpes,zerda,38.8,1160.8,538.3
2709,Carnivora,Otariidae,Zalophus,californianus,,22700,8921.1
2493,Cetacea,Phocoenidae,Phocoena,phocoena,,28500,19350
2512,Cetacea,Delphinidae,Tursiops,truncatus,,165625,55441.1
3325,Chiroptera,Phyllostomidae,Anoura,caudifer,36.5,11.5,35.1
3328,Chiroptera,Phyllostomidae,Anoura,latidens,38.1,13.6,36.9
3510,Chiroptera,Vespertilionidae,Antrozous,pallidus,37,22,18.5
3369,Chiroptera,Phyllostomidae,Artibeus,cinereus,34.9,10.5,24.6
3372,Chiroptera,Phyllostomidae,Artibeus,concolor,35.3,19.7,32.9
3373,Chiroptera,Phyllostomidae,Artibeus,fimbriatus,,63.9,78
3380,Chiroptera,Phyllostomidae,Artibeus,hirsutus,34.3,48.5,126.1
3375,Chiroptera,Phyllostomidae,Artibeus,jamaicensis,36.4,45.2,56.5
3376,Chiroptera,Phyllostomidae,Artibeus,lituratus,37.3,70.1,84.8
3343,Chiroptera,Phyllostomidae,Carollia,perspicillata,36.4,14.5,30.4
3578,Chiroptera,Vespertilionidae,Chalinolobus,gouldii,31.1,17.5,25.2
3386,Chiroptera,Phyllostomidae,Chiroderma,doriae,,19.9,31.1
3334,Chiroptera,Phyllostomidae,Choeroniscus,godmani,36.6,10.1,19.1
3287,Chiroptera,Phyllostomidae,Chrotopterus,auritus,37.2,96.1,153.8
2921,Chiroptera,Pteropodidae,Cynopterus,brachyotis,36.5,37.4,47.5
3267,Chiroptera,Phyllostomidae,Desmodus,rotundus,35,29.4,26.8
3268,Chiroptera,Phyllostomidae,Diaemus,youngi,31.1,36.6,34
3266,Chiroptera,Phyllostomidae,Diphylla,ecaudata,32.4,27.8,33.9
2980,Chiroptera,Pteropodidae,Dobsonia,anderseni,36.4,241.4,174
2976,Chiroptera,Pteropodidae,Dobsonia,minor,36.5,80.4,92
2981,Chiroptera,Pteropodidae,Dobsonia,moluccensis,36.8,404.3,364.1
2974,Chiroptera,Pteropodidae,Dobsonia,praedatrix,37.1,179.5,142.5
2959,Chiroptera,Pteropodidae,Eonycteris,spelaea,34,51.6,48
3674,Chiroptera,Vespertilionidae,Eptesicus,fuscus,,10.4,13.2
3304,Chiroptera,Phyllostomidae,Erophylla,bombifrons,32,16.1,17.7
3454,Chiroptera,Molossidae,Eumops,perotis,32.6,56,39.8
3323,Chiroptera,Phyllostomidae,Glossophaga,longirostris,37.4,13.5,26.5
3321,Chiroptera,Phyllostomidae,Glossophaga,soricina,35.5,8.7,19.8
3200,Chiroptera,Hipposideridae,Hipposideros,galeritus,31.9,8.5,9.4
3546,Chiroptera,Vespertilionidae,Histiotus,velatus,30.5,11.2,16.2
3316,Chiroptera,Phyllostomidae,Leptonycteris,curasoae,35.7,22.7,37.9
3100,Chiroptera,Megadermatidae,Macroderma,gigas,37,123.5,112.8
2960,Chiroptera,Pteropodidae,Macroglossus,minimus,36.2,16.3,15.1
3274,Chiroptera,Phyllostomidae,Macrotus,californicus,35,12.9,16.1
2927,Chiroptera,Pteropodidae,Megaloglossus,woermanni,,12.4,37.7
2966,Chiroptera,Pteropodidae,Melonycteris,melanops,34.9,53.3,43.2
3488,Chiroptera,Vespertilionidae,Miniopterus,schreibersii,37.7,9.9,26
3450,Chiroptera,Molossidae,Molossus,molossus,31.4,15.6,22
3319,Chiroptera,Phyllostomidae,Monophyllus,redmani,34,8.7,11.1
3258,Chiroptera,Mormoopidae,Mormoops,blainvillei,32,8.6,8
3259,Chiroptera,Mormoopidae,Mormoops,megalophylla,36.9,16.5,24.3
3722,Chiroptera,Vespertilionidae,Myotis,austroriparius,,7.5,10.9
3781,Chiroptera,Vespertilionidae,Myotis,brandtii,36.2,44.4,111
3762,Chiroptera,Vespertilionidae,Myotis,myotis,,25,75.3
3801,Chiroptera,Vespertilionidae,Myotis,nigricans,,3.7,4.8
3741,Chiroptera,Vespertilionidae,Myotis,vivesi,,25,35.8
3736,Chiroptera,Vespertilionidae,Myotis,yumanensis,37.1,5.1,8.7
3252,Chiroptera,Natalidae,Natalus,tumidirostris,32.2,5.3,8.2
3256,Chiroptera,Noctilionidae,Noctilio,albiventris,32,27,31.3
3257,Chiroptera,Noctilionidae,Noctilio,leporinus,33.8,61,73.2
2895,Chiroptera,Pteropodidae,Nyctimene,albiventer,35.9,28.8,37.3
2892,Chiroptera,Pteropodidae,Nyctimene,cyclotis,36,40.4,64.6
3615,Chiroptera,Vespertilionidae,Nyctophilus,geoffroyi,31.6,8,11.4
3620,Chiroptera,Vespertilionidae,Nyctophilus,timoriensis,33,13.6,20.4
2888,Chiroptera,Pteropodidae,Paranyctimene,raptor,33.8,21.9,28
3093,Chiroptera,Emballonuridae,Peropteryx,macrotis,34.4,5.3,12.2
3299,Chiroptera,Phyllostomidae,Phyllostomus,discolor,,33.5,47.2
3300,Chiroptera,Phyllostomidae,Phyllostomus,elongatus,,35.6,46.3
3301,Chiroptera,Phyllostomidae,Phyllostomus,hastatus,34.7,84.2,107.8
3403,Chiroptera,Phyllostomidae,Platyrrhinus,lineatus,36.4,22.1,31.3
3631,Chiroptera,Vespertilionidae,Plecotus,auritus,,14,14.1
3261,Chiroptera,Mormoopidae,Pteronotus,davyi,38.8,9.4,15.3
3260,Chiroptera,Mormoopidae,Pteronotus,parnellii,36.4,19.2,30.7
3263,Chiroptera,Mormoopidae,Pteronotus,personatus,37.5,14,23
3264,Chiroptera,Mormoopidae,Pteronotus,quadridens,31,4.9,6.1
3028,Chiroptera,Pteropodidae,Pteropus,giganteus,36.7,562.2,290.7
3001,Chiroptera,Pteropodidae,Pteropus,hypomelanus,35.7,520.8,293.6
3021,Chiroptera,Pteropodidae,Pteropus,poliocephalus,36.5,571.2,312.6
2999,Chiroptera,Pteropodidae,Pteropus,pumilus,36.1,194.2,126.4
3024,Chiroptera,Pteropodidae,Pteropus,rodricensis,36.5,254.5,134.9
3033,Chiroptera,Pteropodidae,Pteropus,scapulatus,37,362,250.9
3030,Chiroptera,Pteropodidae,Pteropus,vampyrus,36.9,1024.3,804.1
3183,Chiroptera,Hipposideridae,Rhinonicteris,aurantia,36.1,8.3,16.2
3340,Chiroptera,Phyllostomidae,Rhinophylla,pumilio,34.7,9.5,16.2
2935,Chiroptera,Pteropodidae,Rousettus,amplexicaudatus,34.8,91.5,104.3
2934,Chiroptera,Pteropodidae,Rousettus,aegyptiacus,36.5,146,122.6
3084,Chiroptera,Emballonuridae,Saccopteryx,bilineata,35.5,8.2,15.3
3356,Chiroptera,Phyllostomidae,Sturnira,erythromos,34.4,15.9,39.9
3348,Chiroptera,Phyllostomidae,Sturnira,lilium,36.4,21.9,39.2
3354,Chiroptera,Phyllostomidae,Sturnira,tildae,,20.5,39.9
2962,Chiroptera,Pteropodidae,Syconycteris,australis,35.9,15.9,22.2
3430,Chiroptera,Molossidae,Tadarida,brasiliensis,36,13.2,15.7
3289,Chiroptera,Phyllostomidae,Tonatia,bidens,37,27.4,39.2
3394,Chiroptera,Phyllostomidae,Uroderma,bilobatum,35.1,16.2,26.6
3393,Chiroptera,Phyllostomidae,Vampyressa,nymphaea,33.8,10.5,21.9
3390,Chiroptera,Phyllostomidae,Vampyressa,pusilla,,8.8,18.6
4176,Cingulata,Dasypodidae,Cabassous,centralis,33.6,3810,811.5
4170,Cingulata,Dasypodidae,Chaetophractus,nationi,35.5,2150,559
4171,Cingulata,Dasypodidae,Chaetophractus,vellerosus,34.4,1110,306.4
4172,Cingulata,Dasypodidae,Chaetophractus,villosus,35.1,4540,808.1
4182,Cingulata,Dasypodidae,Dasypus,novemcinctus,34.5,3567,902.4
4168,Cingulata,Dasypodidae,Euphractus,sexcinctus,34.2,8190,1236.7
4173,Cingulata,Dasypodidae,Priodontes,maximus,33.6,45190,3027.7
4174,Cingulata,Dasypodidae,Tolypeutes,matacus,33,1160,210
4169,Cingulata,Dasypodidae,Zaedyus,pichiy,35.2,1740,393.2
4417,Dasyuromorphia,Dasyuridae,Antechinomys,laniger,35.8,26.1,25.3
4364,Dasyuromorphia,Dasyuridae,Antechinus,flavipes,35,44.9,119.8
4366,Dasyuromorphia,Dasyuridae,Antechinus,stuartii,35.1,32.9,35.8
4369,Dasyuromorphia,Dasyuridae,Antechinus,swainsonii,36,66.9,63.8
4378,Dasyuromorphia,Dasyuridae,Dasycercus,cristicauda,36.9,91.3,45.4
4377,Dasyuromorphia,Dasyuridae,Dasyuroides,byrnei,35.2,113.4,87.6
4380,Dasyuromorphia,Dasyuridae,Dasyurus,geoffroiiλ,36.2,1193.1,447.4
4384,Dasyuromorphia,Dasyuridae,Dasyurus,hallucatus,35.9,547.5,222.4
4383,Dasyuromorphia,Dasyuridae,Dasyurus,maculatus,36.9,1782,534.6
4382,Dasyuromorphia,Dasyuridae,Dasyurus,viverrinus,35.9,998,387
4423,Dasyuromorphia,Myrmecobiidae,Myrmecobius,fasciatus,32.5,400,142.4
4397,Dasyuromorphia,Dasyuridae,Ningaui,yvonnae,34.4,11.6,15.7
4376,Dasyuromorphia,Dasyuridae,Phascogale,tapoatafa,37.4,157,126.1
4418,Dasyuromorphia,Dasyuridae,Planigale,gilesi,35.1,9.1,12.8
4422,Dasyuromorphia,Dasyuridae,Planigale,maculata,34.5,12.2,10.7
4421,Dasyuromorphia,Dasyuridae,Planigale,tenuirostrisφ,34.5,6.4,11
4390,Dasyuromorphia,Dasyuridae,Pseudantechinus,macdonnellensis,34.2,43.2,26.5
4385,Dasyuromorphia,Dasyuridae,Sarcophilus,harrisii,35.8,6137.5,1680.6
4416,Dasyuromorphia,Dasyuridae,Sminthopsis,crassicaudata,35.2,16.9,23.4
4415,Dasyuromorphia,Dasyuridae,Sminthopsis,macroura,33.3,23.8,25
4405,Dasyuromorphia,Dasyuridae,Sminthopsis,murina,35,18.7,75.9
4449,Didelphimorphia,Didelphidae,Caluromys,derbianus,35,344,220.5
4454,Didelphimorphia,Didelphidae,Chironectes,minimus,35,946,548.7
4457,Didelphimorphia,Didelphidae,Didelphis,marsupialis,35,1329,611.3
4458,Didelphimorphia,Didelphidae,Didelphis,virginiana,35,2488.3,800.9
4465,Didelphimorphia,Didelphidae,Gracilinanus,microtarsusΓ,35,14.5,26.1
4461,Didelphimorphia,Didelphidae,Lutreolina,crassicaudata,35.8,812,403.6
4488,Didelphimorphia,Didelphidae,Marmosa,robinsoni,34,122,91
4462,Didelphimorphia,Didelphidae,Metachirus,nudicaudatus,35,336,205
4498,Didelphimorphia,Didelphidae,Monodelphis,brevicaudata,33.7,75.6,56.2
4500,Didelphimorphia,Didelphidae,Monodelphis,domestica,32.6,94,58.7
4460,Didelphimorphia,Didelphidae,Philander,opossum,35.8,751,338
4479,Didelphimorphia,Didelphidae,Thylamys,elegans,,31.1,20.1
4253,Diprotodontia,Acrobatidae,Acrobates,pygmaeus,34.7,14,15.1
4301,Diprotodontia,Potoroidae,Aepyprymnus,rufescens,36.5,2940,1247.1
4302,Diprotodontia,Potoroidae,Bettongia,gaimardi,35.6,2021.1,930
4304,Diprotodontia,Potoroidae,Bettongia,penicillata,37.2,990.4,659.9
4296,Diprotodontia,Burramyidae,Burramys,parvus,36.1,44.3,36.8
4298,Diprotodontia,Burramyidae,Cercartetus,concinnus,34.4,18.6,22.3
4299,Diprotodontia,Burramyidae,Cercartetus,lepidus,33.7,12.6,18.8
4300,Diprotodontia,Burramyidae,Cercartetus,nanus,35.6,70,60.8
4309,Diprotodontia,Macropodidae,Dendrolagus,matschiei,36.3,6960,1426.8
4260,Diprotodontia,Petauridae,Gymnobelideus,leadbeateri,,166.3,103.1
4314,Diprotodontia,Macropodidae,Lagorchestes,conspicillatus,36,2660,851.2
4359,Diprotodontia,Vombatidae,Lasiorhinus,latifrons,35.3,29920,3291.2
4317,Diprotodontia,Macropodidae,Macropus,eugenii,36.5,4913.1,1375.7
4325,Diprotodontia,Macropodidae,Macropus,robustus,36.1,30000,5807.6
4324,Diprotodontia,Macropodidae,Macropus,rufus,35.9,27808.8,5521.7
4267,Diprotodontia,Pseudocheiridae,Petauroides,volans,35.4,1030.7,452
4263,Diprotodontia,Petauridae,Petaurus,breviceps,35.9,126.1,87.1
4280,Diprotodontia,Phalangeridae,Phalanger,carmelitae,,1381,515.1
4287,Diprotodontia,Phalangeridae,Phalanger,gymnotis,,953.6,286.1
4282,Diprotodontia,Phalangeridae,Phalanger,intercastellanus,,1648.8,646.3
4283,Diprotodontia,Phalangeridae,Phalanger,sericeus,,1329,408
4361,Diprotodontia,Phascolarctidae,Phascolarctos,cinereus,35.8,4180,884.6
4356,Diprotodontia,Potoroidae,Potorous,tridactylus,35.9,1068.6,553.7
4278,Diprotodontia,Pseudocheiridae,Pseudocheirus,peregrinus,37.4,840,399.2
4332,Diprotodontia,Macropodidae,Setonix,brachyurus,36.3,2510,796.7
4288,Diprotodontia,Phalangeridae,Spilocuscus,maculatus,34.7,4250,1016.6
4255,Diprotodontia,Tarsipedidae,Tarsipes,rostratus,36.6,10,29
4293,Diprotodontia,Phalangeridae,Trichosurus,vulpecula,36,1996.8,693.7
3863,Erinaceomorpha,Erinaceidae,Atelerix,albiventris,35.2,450,146.7
3845,Erinaceomorpha,Erinaceidae,Echinosorex,gymnura,36.3,721.2,504.8
3858,Erinaceomorpha,Erinaceidae,Erinaceus,concolor,35.2,822.7,347.2
3860,Erinaceomorpha,Erinaceidae,Erinaceus,europaeus,34,936.7,360.9
3854,Erinaceomorpha,Erinaceidae,Hemiechinus,auritus,33.8,397,150.9
3848,Erinaceomorpha,Erinaceidae,Hylomys,suillus,37.3,77.6,80.7
3852,Erinaceomorpha,Erinaceidae,Paraechinus,aethiopicus,34.2,453,113.3
4246,Hyracoidea,Procaviidae,Dendrohyrax,dorsalis,,2210,922.3
4249,Hyracoidea,Procaviidae,Heterohyrax,brucei,36.7,1524.7,685.3
4250,Hyracoidea,Procaviidae,Procavia,capensis,37,2426.3,890.2
1973,Lagomorpha,Leporidae,Brachylagus,idahoensis,38.7,432,384.5
1990,Lagomorpha,Leporidae,Lepus,alleni,37.9,3312.3,1644
1995,Lagomorpha,Leporidae,Lepus,americanus,39.8,1567.3,1443.3
1996,Lagomorpha,Leporidae,Lepus,arcticus,38.9,3173,1151.8
1993,Lagomorpha,Leporidae,Lepus,californicus,39.2,2148.5,1224.7
1998,Lagomorpha,Leporidae,Lepus,timidus,39.7,3075,2260.6
1999,Lagomorpha,Leporidae,Lepus,townsendii,38.2,2620,1517
2049,Lagomorpha,Ochotonidae,Ochotona,curzoniae,37.7,132,198.5
2050,Lagomorpha,Ochotonidae,Ochotona,dauurica,,127.7,249
2030,Lagomorpha,Ochotonidae,Ochotona,princeps,40.1,109.3,169.4
2020,Lagomorpha,Leporidae,Oryctolagus,cuniculus,39,2264.8,1440.9
1984,Lagomorpha,Leporidae,Sylvilagus,audubonii,38.3,703.8,514.4
4225,Macroscelidea,Macroscelididae,Elephantulus,brachyrhynchus,37.5,45.3,43.7
4232,Macroscelidea,Macroscelididae,Elephantulus,edwardii,37.6,49.8,54.3
4228,Macroscelidea,Macroscelididae,Elephantulus,intufi,37.2,46.5,52
4233,Macroscelidea,Macroscelididae,Elephantulus,myurus,36.9,63,66.3
4234,Macroscelidea,Macroscelididae,Elephantulus,rozeti,37.1,45.3,47.8
4231,Macroscelidea,Macroscelididae,Elephantulus,rufescens,37.3,63.4,63.8
4235,Macroscelidea,Macroscelididae,Macroscelides,proboscideus,36.2,38.8,52
4236,Macroscelidea,Macroscelididae,Petrodromus,tetradactylus,37.5,206.8,170.1
4362,Microbiotheria,Microbiotheriidae,Dromiciops,gliroides,,40.2,31.8
3,Monotremata,Ornithorhynchidae,Ornithorhynchus,anatinus,34,1438.5,683.6
1,Monotremata,Tachyglossidae,Tachyglossus,aculeatus,30.7,3608.3,585.1
2,Monotremata,Tachyglossidae,Zaglossus,bruijni,30.8,12500,1130.5
4424,Notoryctemorphia,Notoryctidae,Notoryctes,caurinus,30.8,34,26.2
4429,Peramelemorphia,Peramelidae,Echymipera,kalubu,35,695,343.4
4430,Peramelemorphia,Peramelidae,Echymipera,rufescens,35.2,836,382.5
4437,Peramelemorphia,Peramelidae,Isoodon,auratus,33.8,339,118.7
4439,Peramelemorphia,Peramelidae,Isoodon,macrourus,35.9,1185,477.9
4438,Peramelemorphia,Peramelidae,Isoodon,obesulus,33.9,944.3,369.3
4443,Peramelemorphia,Thylacomyidae,Macrotis,lagotis,35,1200.7,415.1
4441,Peramelemorphia,Peramelidae,Perameles,gunnii,35.2,837.3,420.6
4442,Peramelemorphia,Peramelidae,Perameles,nasuta,36.1,667.4,319.2
2605,Perissodactyla,Equidae,Equus,asinus,,177500,29175
2882,Pholidota,Manidae,Manis,crassicaudata,33.4,15910,1241
2881,Pholidota,Manidae,Manis,javanica,32.3,4220,1105.6
2883,Pholidota,Manidae,Manis,pentadactyla,33.4,3640,668.3
2886,Pholidota,Manidae,Manis,tetradactyla,33,1430,374.8
2887,Pholidota,Manidae,Manis,tricuspis,32.6,1471.7,451.4
4161,Pilosa,Bradypodidae,Bradypus,variegatus,33,3450,666.3
4158,Pilosa,Megalonychidae,Choloepus,hoffmanni,34.4,4250,799
4165,Pilosa,Cyclopedidae,Cyclopes,didactylus,33,226.3,112.7
4164,Pilosa,Myrmecophagidae,Myrmecophaga,tridactyla,32.5,30600,2601
4163,Pilosa,Myrmecophagidae,Tamandua,mexicana,32,4210,850.4
4162,Pilosa,Myrmecophagidae,Tamandua,tetradactyla,33.5,2968.5,885.1
2152,Primates,Atelidae,Alouatta,palliata,,4670,2000.3
2195,Primates,Aotidae,Aotus,trivirgatus,38,1015,452.9
2269,Primates,Lorisidae,Arctocebus,calabarensis,,206,158.2
2198,Primates,Cebidae,Callimico,goeldii,,553.7,281.4
2206,Primates,Cebidae,Callithrix,jacchus,38.7,190,157.7
2201,Primates,Cebidae,Callithrix,pygmaea,,140.6,99.8
2077,Primates,Cercopithecidae,Cercocebus,torquatus,,3750,1603.5
2059,Primates,Cercopithecidae,Cercopithecus,mitisΔ,37.5,8500,3391.5
2243,Primates,Cheirogaleidae,Cheirogaleus,medius,38,329.8,195.9
2100,Primates,Cercopithecidae,Colobus,guerezaΔ,37,10450,2978.3
2073,Primates,Cercopithecidae,Erythrocebus,patas,39.3,3000,639.4
2252,Primates,Lemuridae,Eulemur,fulvus,36.5,2330,324.8
2274,Primates,Galagidae,Euoticus,elegantulus,,261.5,258.2
2283,Primates,Galagidae,Galago,demidoff,36,56.5,120.3
2278,Primates,Galagidae,Galago,moholi,,163,85.7
2279,Primates,Galagidae,Galago,senegalensis,37.9,170,136.6
2134,Primates,Hominidae,Homo,sapiens,,67650,13376.9
2139,Primates,Hylobatidae,Hylobates,lar,,1900,1070
2210,Primates,Cebidae,Leontopithecus,rosalia,36.5,733,381.5
2271,Primates,Lorisidae,Loris,tardigradus,35.5,283.8,127.7
2090,Primates,Cercopithecidae,Macaca,fuscata,,9300,4362
2089,Primates,Cercopithecidae,Macaca,mulatta,,6060,2273.2
2272,Primates,Lorisidae,Nycticebus,coucang,35.4,812,280
2280,Primates,Galagidae,Otolemur,crassicaudatus,36.6,946.7,410.9
2281,Primates,Galagidae,Otolemur,garnettii,,1132,558.2
2136,Primates,Hominidae,Pan,troglodytes,,5020,1407.6
2081,Primates,Cercopithecidae,Papio,anubisΔ,37.3,9500,2958
2081,Primates,Cercopithecidae,Papio,papio,,6760,2732.2
2081,Primates,Cercopithecidae,Papio,ursinus,37,15900,5066.6
2270,Primates,Lorisidae,Perodicticus,potto,36.1,890.5,338.7
2137,Primates,Hominidae,Pongo,pygmaeus,,4970,1514.3
2248,Primates,Indridae,Propithecus,verreauxi,,3000,729.7
2215,Primates,Cebidae,Saguinus,oedipus,38.8,296,265.5
2231,Primates,Cebidae,Saimiri,sciureus,38,950,952.8
2237,Primates,Tarsiidae,Tarsius,syrichta,33.8,113.4,76.7
2236,Primates,Tarsiidae,Tarsius,tarsier,,192.8,151.5
662,Rodentia,Cricetidae,Abrothrix,andinus,37.7,28.7,50.4
618,Rodentia,Cricetidae,Abrothrix,longipilis,37.4,42.3,57.5
633,Rodentia,Cricetidae,Abrothrix,olivaceus,37.2,31.2,54.3
70,Rodentia,Muridae,Acomys,cahirinus,37.5,42.4,47.5
79,Rodentia,Muridae,Acomys,russatus,37.3,52.4,41
80,Rodentia,Muridae,Acomys,spinosissimus,36.4,27,44.1
81,Rodentia,Muridae,Acomys,subspinosus,37.4,32.3,83.6
1674,Rodentia,Octodontidae,Aconaemys,fuscus,37.3,112,121
625,Rodentia,Cricetidae,Akodon,azarae,37.7,24.9,28.6
1026,Rodentia,Cricetidae,Alticola,argentatus,,37.4,120.1
1733,Rodentia,Sciuridae,Ammospermophilus,leucurus,37.5,88.5,113.4
1675,Rodentia,Aplodontiidae,Aplodontia,rufa,38,630,277.2
149,Rodentia,Muridae,Apodemus,agrarius,,20.4,64.6
142,Rodentia,Muridae,Apodemus,argenteus,,15.7,49.3
150,Rodentia,Muridae,Apodemus,chevrieri,36.5,32.6,87.9
154,Rodentia,Muridae,Apodemus,flavicollis,36.7,23.4,42.4
151,Rodentia,Muridae,Apodemus,mystacinus,35.5,40,60.3
148,Rodentia,Muridae,Apodemus,speciosus,,34.2,53.7
160,Rodentia,Muridae,Apodemus,sylvaticus,36.7,20.9,55.9
156,Rodentia,Muridae,Apodemus,witherbyi,37,20.5,50
1059,Rodentia,Cricetidae,Arborimus,longicaudus,37.3,21.8,58.9
1064,Rodentia,Cricetidae,Arvicola,amphibius,37.5,97.5,113.1
666,Rodentia,Cricetidae,Auliscomys,boliviensis,36.3,76.8,110.6
892,Rodentia,Cricetidae,Baiomys,taylori,36,7.3,14.2
1653,Rodentia,Bathyergidae,Bathyergus,janetta,34.7,732,330.9
1652,Rodentia,Bathyergidae,Bathyergus,suillus,35.3,406.3,218.1
702,Rodentia,Cricetidae,Calomys,callosus,,48,78.2
705,Rodentia,Cricetidae,Calomys,lepidus,,16,25.9
706,Rodentia,Cricetidae,Calomys,musculinus,36.2,16.9,27.9
702,Rodentia,Cricetidae,Calomys,venustus,37.1,49.5,70.8
1304,Rodentia,Spalacidae,Cannomys,badius,36,344,172
1611,Rodentia,Capromyidae,Capromys,pilorides,35.7,2630,597
1367,Rodentia,Castoridae,Castor,canadensis,,18800,5256
1515,Rodentia,Caviidae,Cavia,porcellus,39,662.6,383
1391,Rodentia,Heteromyidae,Chaetodipus,baileyi,32.5,29.1,34.5
1390,Rodentia,Heteromyidae,Chaetodipus,californicus,38,22,21.3
1389,Rodentia,Heteromyidae,Chaetodipus,fallax,32.6,19.6,26.9
1379,Rodentia,Heteromyidae,Chaetodipus,formosus,,15.1,18.4
1392,Rodentia,Heteromyidae,Chaetodipus,hispidus,36.8,34.1,46.5
1382,Rodentia,Heteromyidae,Chaetodipus,intermedius,36,16.9,21.8
1381,Rodentia,Heteromyidae,Chaetodipus,penicillatus,,16.6,22.4
709,Rodentia,Cricetidae,Chelemys,macronyx,36.8,62,84.3
1667,Rodentia,Chinchillidae,Chinchilla,chinchilla,37.6,454.4,226.3
1666,Rodentia,Chinchillidae,Chinchilla,lanigera,35.7,436.3,254.8
1068,Rodentia,Cricetidae,Chionomys,nivalis,38,32.6,99.8
1662,Rodentia,Erethizontidae,Coendou,prehensilis,36.7,3280,925
224,Rodentia,Muridae,Conilurus,penicillatus,35.9,212.3,162.6
1281,Rodentia,Nesomyidae,Cricetomys,gambianus,35.6,1870.9,1141.2
1012,Rodentia,Cricetidae,Cricetulus,barabensis,,24.8,68.2
1015,Rodentia,Cricetidae,Cricetulus,migratorius,38.1,30.7,43.8
1009,Rodentia,Cricetidae,Cricetus,cricetus,39.5,369.4,239.3
1647,Rodentia,Bathyergidae,Cryptomys,bocagei,33.7,94.4,69.9
1644,Rodentia,Bathyergidae,Cryptomys,damarensis,35.2,137.1,81.7
1646,Rodentia,Bathyergidae,Cryptomys,mechowi,34,182.9,115.7
1494,Rodentia,Ctenomyidae,Ctenomys,australis,37.3,340,116.6
1496,Rodentia,Ctenomyidae,Ctenomys,fulvus,36.2,275,176
1493,Rodentia,Ctenomyidae,Ctenomys,maulinus,36.2,215,187.1
1476,Rodentia,Ctenomyidae,Ctenomys,opimus,36,352,179.8
1483,Rodentia,Ctenomyidae,Ctenomys,talarum,36.1,121.1,116
1627,Rodentia,Cuniculidae,Cuniculus,paca,37.2,6831.5,2364.9
1731,Rodentia,Sciuridae,Cynomys,ludovicianus,36.7,1001,392.1
1530,Rodentia,Dasyproctidae,Dasyprocta,azarae,37.5,3849,1886
1529,Rodentia,Dasyproctidae,Dasyprocta,leporina,38.3,2687,1558.5
1191,Rodentia,Muridae,Desmodillus,auricularis,35.9,71.9,87.8
1071,Rodentia,Cricetidae,Dicrostonyx,groenlandicus,38.4,57.1,100.4
1207,Rodentia,Muridae,Dipodillus,campestris,36.7,41.2,71.8
1211,Rodentia,Muridae,Dipodillus,dasyurus,38.6,28.1,29.8
1402,Rodentia,Heteromyidae,Dipodomys,agilis,37,60.6,63.6
1410,Rodentia,Heteromyidae,Dipodomys,deserti,36.8,128,88.4
1398,Rodentia,Heteromyidae,Dipodomys,heermanni,,63.3,73.2
1407,Rodentia,Heteromyidae,Dipodomys,merriami,37,37,44.4
1403,Rodentia,Heteromyidae,Dipodomys,microps,35,54.2,59.7
1408,Rodentia,Heteromyidae,Dipodomys,nitratoides,,37.8,46.2
1393,Rodentia,Heteromyidae,Dipodomys,ordii,34.6,47.3,62.5
1397,Rodentia,Heteromyidae,Dipodomys,panamintinus,36.9,62.5,70.7
1411,Rodentia,Heteromyidae,Dipodomys,spectabilis,,104.5,119.1
39,Rodentia,Dipodidae,Dipus,sagitta,36.8,79.2,90.3
1626,Rodentia,Caviidae,Dolichotis,salinicola,38.4,1613,725.9
1948,Rodentia,Gliridae,Dryomys,nitedula,,25.2,111.4
718,Rodentia,Cricetidae,Eligmodontia,typus,36.4,17.5,29.9
1951,Rodentia,Gliridae,Eliomys,quercinus,,44.5,75.8
1048,Rodentia,Cricetidae,Eothenomys,miletus,35.8,42.1,97.9
1771,Rodentia,Sciuridae,Epixerus,ebii,36,460,285.2
1654,Rodentia,Erethizontidae,Erethizon,dorsatum,37.6,5974,2846.4
719,Rodentia,Cricetidae,Euneomys,chinchilloides,,65.4,84.4
1775,Rodentia,Sciuridae,Funisciurus,anerythrus,,124,150.9
1778,Rodentia,Sciuridae,Funisciurus,congicus,,112.3,97.7
1779,Rodentia,Sciuridae,Funisciurus,isabella,,75,124.9
1780,Rodentia,Sciuridae,Funisciurus,lemniscatus,,119,164.5
1774,Rodentia,Sciuridae,Funisciurus,pyrropus,,257,238.4
1523,Rodentia,Caviidae,Galea,musteloides,37.3,322.3,261.7
1612,Rodentia,Capromyidae,Geocapromys,brownii,,2456,736.8
1613,Rodentia,Capromyidae,Geocapromys,ingrahami,,946.5,280.9
1424,Rodentia,Geomyidae,Geomys,bursarius,35,197,137.9
1426,Rodentia,Geomyidae,Geomys,pinetis,36.3,174.3,145.1
1651,Rodentia,Bathyergidae,Georychus,capensis,36.4,162,136.8
1260,Rodentia,Muridae,Gerbilliscus,afra,34,148.3,253.6
1265,Rodentia,Muridae,Gerbilliscus,leucogaster,35.1,157.6,132.6
1192,Rodentia,Muridae,Gerbillurus,paeba,38.7,32.6,31.4
1193,Rodentia,Muridae,Gerbillurus,setzeri,37.6,46.1,37
1194,Rodentia,Muridae,Gerbillurus,tytonis,36.9,29.9,31.7
1195,Rodentia,Muridae,Gerbillurus,vallinus,37.4,38.8,34.8
1198,Rodentia,Muridae,Gerbillus,andersoni,36.3,35.5,39.1
1218,Rodentia,Muridae,Gerbillus,gerbillus,37.2,29.7,42.2
1235,Rodentia,Muridae,Gerbillus,nanus,38.8,28.4,22.2
1239,Rodentia,Muridae,Gerbillus,perpallidus,,72.9,65
1243,Rodentia,Muridae,Gerbillus,pusillus,34.6,12.6,13.5
1244,Rodentia,Muridae,Gerbillus,pyramidum,36.1,53,68.9
1856,Rodentia,Sciuridae,Glaucomys,volans,39,64,64.2
1957,Rodentia,Gliridae,Glis,glis,37.7,170.2,180.5
329,Rodentia,Muridae,Golunda,ellioti,,56.2,60.7
685,Rodentia,Cricetidae,Graomys,griseoflavus,36.1,69.4,84
1964,Rodentia,Gliridae,Graphiurus,murinus,36,35.7,39
1965,Rodentia,Gliridae,Graphiurus,ocularis,34.4,67.8,66.4
1643,Rodentia,Bathyergidae,Heliophobius,argenteocinereus,35.1,88.5,98.2
1768,Rodentia,Sciuridae,Heliosciurus,rufobrachium,,317.5,226.9
1642,Rodentia,Bathyergidae,Heterocephalus,glaber,32.1,36.4,26.6
1440,Rodentia,Heteromyidae,Heteromys,anomalus,36,69.3,100.5
1431,Rodentia,Heteromyidae,Heteromys,desmarestianus,33.8,75.8,99.1
1509,Rodentia,Caviidae,Hydrochoerus,hydrochaeris,37.1,26400,6600
311,Rodentia,Muridae,Hydromys,chrysogaster,36.6,784.5,601.6
1630,Rodentia,Hystricidae,Hystrix,africaeaustralis,37.5,11066.7,2568.2
962,Rodentia,Cricetidae,Isthmomys,pirrensis,37.6,138,121.4
41,Rodentia,Dipodidae,Jaculus,jaculus,37.5,109.7,106.4
43,Rodentia,Dipodidae,Jaculus,orientalis,37,139.1,88.7
1514,Rodentia,Caviidae,Kerodon,rupestrisλ,38.2,635.7,406.8
1669,Rodentia,Chinchillidae,Lagidium,viscacia,37.7,2056,699
1665,Rodentia,Chinchillidae,Lagostomus,maximus,36.8,6804.5,1592.3
1090,Rodentia,Cricetidae,Lasiopodomys,brandtii,36.2,40.2,76.8
1093,Rodentia,Cricetidae,Lemmiscus,curtatus,37.1,30.3,50.3
1095,Rodentia,Cricetidae,Lemmus,lemmus,37.8,60.6,152.4
1096,Rodentia,Cricetidae,Lemmus,sibiricus,38.3,49,93
1096,Rodentia,Cricetidae,Lemmus,trimucronatus,38.9,64,157.8
364,Rodentia,Muridae,Lemniscomys,griselda,36.9,50.5,61.3
1438,Rodentia,Heteromyidae,Liomys,irroratus,37,47.6,56
1435,Rodentia,Heteromyidae,Liomys,salvini,37,43.3,51.3
667,Rodentia,Cricetidae,Loxodontomys,micropus,37.4,62.3,97.8
1345,Rodentia,Nesomyidae,Malacothrix,typica,37,21.7,20.6
1686,Rodentia,Sciuridae,Marmota,flaviventris,36.5,3706.5,1269.9
1685,Rodentia,Sciuridae,Marmota,monax,37,2660,718
386,Rodentia,Muridae,Mastomys,natalensis,38,41.5,32.8
905,Rodentia,Cricetidae,Megadontomys,thomasi,37.8,110.8,124.1
1174,Rodentia,Muridae,Meriones,crassus,37.2,120,148
1170,Rodentia,Muridae,Meriones,hurrianae,36.1,72.3,53.5
1177,Rodentia,Muridae,Meriones,meridianus,,45,61.2
1181,Rodentia,Muridae,Meriones,unguiculatus,38.2,62.1,84.7
1017,Rodentia,Cricetidae,Mesocricetus,auratus,38.1,110.4,180.9
99,Rodentia,Muridae,Micaelamys,namaquensis,36.8,57.3,47.7
1521,Rodentia,Caviidae,Microcavia,niata,,255.2,175.8
1413,Rodentia,Heteromyidae,Microdipodops,megacephalus,32.8,11.2,28.6
1414,Rodentia,Hetermyidae,Microdipodops,pallidus,39.3,15.2,19.8
407,Rodentia,Muridae,Micromys,minutus,38,8.5,21.1
1100,Rodentia,Cricetidae,Microtus,agrestis,37.6,21.9,124.8
1117,Rodentia,Cricetidae,Microtus,arvalis,37,20.3,51.2
1130,Rodentia,Cricetidae,Microtus,breweri,37.3,53.1,73.8
1101,Rodentia,Cricetidae,Microtus,cabrerae,37.3,43,48.6
1126,Rodentia,Cricetidae,Microtus,californicus,38.8,44,67.9
1127,Rodentia,Cricetidae,Microtus,canicaudus,37.8,30.4,77.8
1123,Rodentia,Cricetidae,Microtus,guentheri,38.3,43.8,80.2
1114,Rodentia,Cricetidae,Microtus,longicaudus,38,27.8,65
1115,Rodentia,Cricetidae,Microtus,mexicanus,37.9,28.8,46.6
1128,Rodentia,Cricetidae,Microtus,montanus,35.3,35.9,71.7
1141,Rodentia,Cricetidae,Microtus,ochrogaster,37.9,45.7,128.6
1140,Rodentia,Cricetidae,Microtus,oeconomus,38.4,35,99.8
1131,Rodentia,Cricetidae,Microtus,pennsylvanicus,38.5,41.2,76.4
1142,Rodentia,Cricetidae,Microtus,pinetorum,38.3,24.1,52.5
1111,Rodentia,Cricetidae,Microtus,richardsoni,38.7,56.1,103
1159,Rodentia,Cricetidae,Microtus,subterraneus,,16.6,48.1
1132,Rodentia,Cricetidae,Microtus,townsendii,,52.2,85.6
1112,Rodentia,Cricetidae,Microtus,xanthognathus,38,68.5,98.6
296,Rodentia,Muridae,Millardia,meltada,,67.4,58.6
418,Rodentia,Muridae,Mus,macedonicus,37.2,14.2,26.1
432,Rodentia,Muridae,Mus,minutoides,36.3,8.1,24
419,Rodentia,Muridae,Mus,musculus,36.3,22.6,57.3
421,Rodentia,Muridae,Mus,spretus,36.6,21.8,61.9
1956,Rodentia,Gliridae,Muscardinus,avellanarius,35.8,19.5,61.7
1539,Rodentia,Myocastoridae,Myocastor,coypus,,4325,3070.8
1037,Rodentia,Cricetidae,Myodes,californicus,37.5,18.3,61.1
1039,Rodentia,Cricetidae,Myodes,gapperi,37.9,22.8,56.9
1040,Rodentia,Cricetidae,Myodes,glareolus,,20.8,67.1
1041,Rodentia,Cricetidae,Myodes,rufocanus,,27.5,52.1
1042,Rodentia,Cricetidae,Myodes,rutilus,,28,116.2
1526,Rodentia,Dasyproctidae,Myoprocta,acouchy,35.4,914,502.7
1097,Rodentia,Cricetidae,Myopus,schisticolor,39,26.4,95
487,Rodentia,Muridae,Myotomys,sloggetti,38,113.3,133.7
490,Rodentia,Muridae,Myotomys,unisulcatus,34.8,98.7,111
1354,Rodentia,Nesomyidae,Mystromys,albicaudatus,33,93.8,126.8
48,Rodentia,Dipodidae,Napaeozapus,insignis,37,21.6,21.8
1161,Rodentia,Cricetidae,Neofiber,alleni,37.1,258.1,216.8
985,Rodentia,Cricetidae,Neotoma,albigula,37.6,111.6,89.5
1003,Rodentia,Cricetidae,Neotoma,cinerea,37.7,258.9,208.1
994,Rodentia,Cricetidae,Neotoma,lepida,36.8,113.9,93.7
1004,Rodentia,Cricetidae,Neotoma,macrotis,36.6,186.7,153.1
261,Rodentia,Muridae,Notomys,alexis,38,33.9,46.4
263,Rodentia,Muridae,Notomys,cervinus,38.5,33.6,43.4
895,Rodentia,Cricetidae,Ochrotomys,nuttalli,36.4,19.2,25.5
1460,Rodentia,Octodontidae,Octodon,bridgesi,,176.1,183.3
1462,Rodentia,Octodontidae,Octodon,degus,37.6,237.5,201.3
1461,Rodentia,Octodontidae,Octodon,lunatus,,173.2,171.5
1672,Rodentia,Octodontidae,Octodontomys,gliroides,37.2,155.7,126.5
1469,Rodentia,Octodontidae,Octomys,mimax,36.7,118.8,115.2
773,Rodentia,Cricetidae,Oligoryzomys,longicaudatus,37.3,28.2,51
1162,Rodentia,Cricetidae,Ondatra,zibethicus,37.4,879.5,679.5
960,Rodentia,Cricetidae,Onychomys,torridus,,19.1,29.6
811,Rodentia,Cricetidae,Oryzomys,talamancae,,14.1,34.7
482,Rodentia,Muridae,Otomys,irroratus,37.6,102.4,85.2
824,Rodentia,Cricetidae,Oxymycterus,roberti,38.3,83.5,88.5
1785,Rodentia,Sciuridae,Paraxerus,cepapi,39.1,223.6,145.3
1790,Rodentia,Sciuridae,Paraxerus,palliatus,39.3,313.8,236.1
1791,Rodentia,Sciuridae,Paraxerus,poensis,,97,201.1
491,Rodentia,Muridae,Parotomys,brantsii,35.1,105.3,114.3
11,Rodentia,Pedetidae,Pedetes,capensis,35.9,2300,793.5
1373,Rodentia,Heteromyidae,Perognathus,flavus,34.6,8.3,17.3
1375,Rodentia,Heteromyidae,Perognathus,longimembris,34.7,8.6,15.9
1377,Rodentia,Heteromyidae,Perognathus,parvus,,19.2,28.8
908,Rodentia,Cricetidae,Peromyscus,boylii,,23.2,54.3
910,Rodentia,Cricetidae,Peromyscus,californicus,36.4,47.6,53.2
912,Rodentia,Cricetidae,Peromyscus,crinitus,35.7,17.9,27.1
915,Rodentia,Cricitidae,Peromyscus,eremicus,36.6,20.3,30.9
918,Rodentia,Cricetidae,Peromyscus,gossypinus,37.5,21.5,37
941,Rodentia,Cricetidae,Peromyscus,keeni,36.2,26.5,45.1
926,Rodentia,Cricetidae,Peromyscus,leucopus,36.7,22.4,109.5
929,Rodentia,Cricetidae,Peromyscus,maniculatus,36.6,20.1,39.2
931,Rodentia,Cricetidae,Peromyscus,megalops,37.8,66.2,90.7
944,Rodentia,Cricetidae,Peromyscus,polionotus,,12,21.5
954,Rodentia,Cricetidae,Peromyscus,truei,36.7,33.2,56
1321,Rodentia,Nesomyidae,Petromyscus,collinus,,20.4,20.6
1061,Rodentia,Cricetidae,Phenacomys,intermedius,37.9,21.5,67.3
1021,Rodentia,Cricetidae,Phodopus,campbelli,35.7,27.7,49.1
1022,Rodentia,Cricetidae,Phodopus,roborovskii,,15.4,45.9
1023,Rodentia,Cricetidae,Phodopus,sungorus,36.5,32.5,46.4
674,Rodentia,Cricetidae,Phyllotis,darwini,36.2,55.8,66.4
678,Rodentia,Cricetidae,Phyllotis,magister,,62.8,72.2
682,Rodentia,Cricetidae,Phyllotis,xanthopygus,37.3,55.5,56.6
901,Rodentia,Cricetidae,Podomys,floridanus,,30.8,51.7
1574,Rodentia,Echimyidae,Proechimys,semispinosus,37.9,367.7,286.1
1772,Rodentia,Sciuridae,Protoxerus,stangeri,,691,589.2
277,Rodentia,Muridae,Pseudomys,gracilicaudatus,36.8,79.8,83.8
278,Rodentia,Muridae,Pseudomys,hermannsburgensis,37.8,12.2,23.3
513,Rodentia,Muridae,Rattus,colletti,36.2,165.7,123
514,Rodentia,Muridae,Rattus,fuscipes,37.5,76.4,64.2
516,Rodentia,Muridae,Rattus,lutreolus,36.7,109,49.9
561,Rodentia,Muridae,Rattus,norvegicus,,289.5,307.5
554,Rodentia,Muridae,Rattus,rattus,,117.7,177
520,Rodentia,Muridae,Rattus,villosissimus,35.9,247.8,145.8
829,Rodentia,Cricetidae,Reithrodon,auritus,,78.7,76.8
978,Rodentia,Cricetidae,Reithrodontomys,megalotis,36.8,10.6,19.4
567,Rodentia,Muridae,Rhabdomys,pumilio,37,53.7,47.8
1282,Rodentia,Nesomyidae,Saccostomus,campestris,35.3,75.2,59.8
112,Rodentia,Sciuridae,Sciurus,aberti,40.7,624,430.6
1805,Rodentia,Sciuridae,Sciurus,carolinensis,38.7,440,369.6
1809,Rodentia,Sciuridae,Sciurus,variegatoides,,50.1,190.7
893,Rodentia,Cricetidae,Scotinomys,teguina,37.6,15.2,43.6
894,Rodentia,Cricetidae,Scotinomys,xerampelinus,36.2,12,25.7
1186,Rodentia,Muridae,Sekeetamys,calurus,37.5,68.1,52
26,Rodentia,Dipodidae,Sicista,betulina,,11.5,37
871,Rodentia,Cricetidae,Sigmodon,alleni,,136.5,200.3
874,Rodentia,Cricetidae,Sigmodon,fulviventer,,137.9,206.5
875,Rodentia,Cricetidae,Sigmodon,hispidus,38.1,141.3,193
877,Rodentia,Cricetidae,Sigmodon,leucotis,,128.6,186.5
879,Rodentia,Cricetidae,Sigmodon,ochrognathus,,115.1,154.2
1671,Rodentia,Octodontidae,Spalacopus,cyanus,36.5,108.8,82.9
1355,Rodentia,Spalacidae,Spalax,ehrenbergi,35.5,119,101.1
1356,Rodentia,Spalacidae,Spalax,leucodon,36.3,182.2,121
1694,Rodentia,Sciuridae,Spermophilus,armatus,35.7,307,190.3
1702,Rodentia,Sciuridae,Spermophilus,beecheyi,37.6,501.6,267.9
1713,Rodentia,Sciuridae,Spermophilus,beldingi,35.5,289.8,159.4
1705,Rodentia,Sciuridae,Spermophilus,citellus,37.5,312.8,258.7
1700,Rodentia,Sciuridae,Spermophilus,dauricus,35.2,281,156.3
1698,Rodentia,Sciuridae,Spermophilus,franklinii,,607,400.6
1726,Rodentia,Sciuridae,Spermophilus,lateralis,36.3,182.1,229.1
1724,Rodentia,Sciuridae,Spermophilus,mexicanus,,199,278.6
1721,Rodentia,Sciuridae,Spermophilus,mohavensis,37,259,220.2
1692,Rodentia,Sciuridae,Spermophilus,parryii,37,934.7,797.6
1693,Rodentia,Sciuridae,Spermophilus,richardsonii,35.5,252.3,161.5
1723,Rodentia,Sciuridae,Spermophilus,saturatus,,261.2,142.6
1701,Rodentia,Sciuridae,Spermophilus,spilosoma,36.1,180.3,111.8
1719,Rodentia,Sciuridae,Spermophilus,tereticaudus,36.3,119.9,87.7
1718,Rodentia,Sciuridae,Spermophilus,townsendii,35.6,231,129.4
1696,Rodentia,Sciuridae,Spermophilus,tridecemlineatus,35.7,233.8,181
1690,Rodentia,Sciuridae,Spermophilus,undulatus,38,527.9,533.2
1343,Rodentia,Nesomyidae,Steatomys,pratensis,34.1,37.4,18.7
574,Rodentia,Muridae,Stochomys,longicaudatus,,84.2,121.6
1318,Rodentia,Spalacidae,Tachyoryctes,splendens,35.9,196,181.1
1761,Rodentia,Sciuridae,Tamias,alpinus,,39.1,57.9
1740,Rodentia,Sciuridae,Tamias,amoenus,37,57.1,93
1755,Rodentia,Sciuridae,Tamias,merriami,37,78.9,118.4
1760,Rodentia,Sciuridae,Tamias,minimus,37,46.2,66.8
1749,Rodentia,Sciuridae,Tamias,palmeri,,69.4,113.1
1759,Rodentia,Sciuromorpha,Tamias,speciosus,,70.7,104.6
1738,Rodentia,Sciuromorpha,Tamias,striatus,38.2,97.2,120.3
1802,Rodentia,Sciuridae,Tamiasciurus,hudsonicus,38.7,202,320.5
1259,Rodentia,Muridae,Tatera,indica,,86.8,75.5
343,Rodentia,Muridae,Thallomys,paedulcus,36.7,124.7,68.5
1415,Rodentia,Geomyidae,Thomomys,bottae,36,127.5,153.9
1419,Rodentia,Geomyidae,Thomomys,talpoides,36.2,99,105.8
1416,Rodentia,Geomyidae,Thomomys,townsendii,,249,189.2
1417,Rodentia,Geomyidae,Thomomys,umbrinus,34.6,85,72.3
1540,Rodentia,Echimyidae,Thrichomys,apereoides,37.6,323,206.7
1468,Rodentia,Octodontidae,Tympanoctomys,barrerae,35.7,71.4,76.8
250,Rodentia,Muridae,Uromys,caudimaculatus,34.6,819,570.6
1800,Rodentia,Sciuridae,Xerus,inauris,36.8,542.3,326.5
1801,Rodentia,Sciuridae,Xerus,princeps,37.6,602.3,340.3
50,Rodentia,Dipodidae,Zapus,hudsoniusθ,37.3,24.3,77.2
51,Rodentia,Dipodidae,Zapus,princepsθ,37.8,27.5,129.3
2287,Scandentia,Ptilocercidae,Ptilocercus,lowii,36.5,57.5,43.1
2292,Scandentia,Tupaiidae,Tupaia,belangeri,37.4,151.4,286
2295,Scandentia,Tupaiidae,Tupaia,glis,37,149.8,243.4
2289,Scandentia,Tupaiidae,Urogale,everetti,,264,227
4117,Soricomorpha,Soricidae,Blarina,brevicauda,38.3,19.8,53.9
4116,Soricomorpha,Soricidae,Blarina,carolinensis,36.8,10.2,33.3
3833,Soricomorpha,Talpidae,Condylura,cristata,37.7,49,110.3
3916,Soricomorpha,Soricidae,Crocidura,hildegardeae,35.7,10,26
3886,Soricomorpha,Soricidae,Crocidura,jouvenetae,34.3,10.2,22.4
3934,Soricomorpha,Soricidae,Crocidura,luna,34.8,11.8,24.8
3965,Soricomorpha,Soricidae,Crocidura,olivieri,35.3,37.7,57.6
3977,Soricomorpha,Soricidae,Crocidura,poensis,35.5,17.3,31.1
3984,Soricomorpha,Soricidae,Crocidura,russula,34.7,9.8,23.4
3993,Soricomorpha,Soricidae,Crocidura,suaveolens,35.1,6.5,18.9
4006,Soricomorpha,Soricidae,Crocidura,viaria,34.5,14.7,22.1
4122,Soricomorpha,Soricidae,Cryptotis,parva,37,6.2,19
4134,Soricomorpha,Soricidae,Neomys,anomalus,,13.4,66.8
4135,Soricomorpha,Soricidae,Neomys,fodiens,37.3,15.9,49.8
3840,Soricomorpha,Talpidae,Neurotrichus,gibbsii,38.4,11.9,46.7
4153,Soricomorpha,Soricidae,Notiosorex,crawfordi,37.6,4,12.5
3836,Soricomorpha,Talpidae,Scalopus,aquaticus,36,48,67.7
3837,Soricomorpha,Talpidae,Scapanus,latimanus,,61,76.3
3839,Soricomorpha,Talpidae,Scapanus,orarius,,61.2,62.4
3838,Soricomorpha,Talpidae,Scapanus,townsendii,,130.1,106.4
4065,Soricomorpha,Soricidae,Sorex,alpinus,38.6,7.9,48.2
4072,Soricomorpha,Soricidae,Sorex,araneus,,8.2,43.1
4090,Soricomorpha,Soricidae,Sorex,cinereus,38.4,4,34.8
4071,Soricomorpha,Soricidae,Sorex,coronatus,37.6,9.1,51.9
4087,Soricomorpha,Soricidae,Sorex,minutus,38.5,3.3,28.4
4095,Soricomorpha,Soricidae,Sorex,ornatus,,5,29
4108,Soricomorpha,Soricidae,Sorex,vagrans,38,5.2,19.7
4038,Soricomorpha,Soricidae,Suncus,etruscus,36,2.4,22.5
4047,Soricomorpha,Soricidae,Suncus,murinus,38.7,36.5,67.6